Tiempo (s),Voltaje (V)
0.544592999994755,0.700581961777061
9.1886589999944,3.07412924151868
9.30449799999595,0.900199088093359
9.34979999999702,3.06448590208311
9.43851099999994,1.85456824756693
9.46267599999905,3.02912699081935
9.47964799999446,3.04648500180338
9.49858299999684,3.01337620307459
9.51740399999917,0.699296183185652
9.53480799999833,0.173412739299238
9.55156199999899,0.180805966199841
9.57028099999577,0.0303698710049503
9.59144799999893,1.53023059788393
9.61027799999714,2.99376807955559
9.63187399999797,2.70928956620628
9.65137799999863,0.660079936147667
9.67192599999905,0.0110831921338104
9.6918599999994,1.99953978374833
9.71452099999785,3.0705933503923
9.75071999999881,0.811158920638263
9.77124399999529,0.00465429917676374
9.78986999999732,0.271131912246346
9.80966899999976,2.80958029633621
9.82692099999636,2.99794685997767
9.8448539999947,3.0079116440611
9.86556699999422,2.16636955598369
9.88332299999893,1.33382791804615
9.90272699999809,0.0429062122711912
9.92198799999803,0.020405086921528
9.94028899999708,0.562682207848411
9.95823900000006,1.77099263912532
9.97828299999982,3.01466198166599
9.99658799999952,3.04648500180338
10.0139890000001,3.07509357546223
10.0320459999964,2.56110358354636
10.0507609999999,0.621506578405388
10.069435999997,0.0448348801583052
10.0882509999946,-0.00723915279377252
10.1066959999949,0.263417240697891
10.1248479999974,1.3119696819922
10.144112999998,3.0011613064562
10.1625859999955,3.03973466419848
10.1802419999987,3.07091479504015
10.2023689999953,0.0535138856503181
10.220610999994,0.0178335297387093
10.2389649999961,-0.0242757191299461
10.2578729999959,1.07249341934221
10.2760759999976,2.66846609592903
10.294549999997,3.00919742265251
10.3138059999943,3.04423488926841
10.3325079999939,1.9471443061484
10.3521189999953,0.0483707712846808
10.3706989999935,0.012690415373072
10.3951339999959,3.02237665321445
10.4127159999982,3.04391344462056
10.4299450000003,3.04680644645123
10.4495419999957,1.7812788678566
10.469549999997,0.0390488764969632
10.4929279999956,2.59196226974018
10.5136259999946,3.05966423236532
10.5345859999955,0.428639789693989
10.5566059999987,0.0904800201533362
10.5793029999956,3.02141231927089
10.601048999995,0.970274021325167
10.6232329999954,0.304240710975137
10.6446499999985,3.01659064955311
10.6680339999944,0.666508829104714
10.6890449999943,0.108802365080919
10.7099699999988,2.78354327986017
10.7330389999971,2.08247250289423
10.7520189999938,0.0515852177632041
10.7740759999976,1.04613495821832
10.7966909999996,3.04744933574693
10.8184269999936,0.0901585755054839
10.8421769999936,1.74399128870573
10.863675999999,3.08634413813706
10.8873420000002,0.0287626477656886
10.9146039999947,3.07220057363156
10.9418469999954,1.61412765097339
10.9702289999947,0.0351915407227352
10.9992429999933,2.58328326424817
11.0249849999994,1.00338282005396
11.0521689999998,0.0580141107202508
11.0718909999952,-0.00756059744162485
11.0956089999974,3.02494821039727
11.1167629999965,1.40325996198226
11.1365059999973,0.0300484263570979
11.1644799999967,3.06802179320948
11.190599999994,0.343456958013121
11.2230039999932,0.0110831921338104
11.246300999999,3.04069899814203
11.2686459999979,0.385887651529629
11.2908259999976,1.0233123882208
11.3149679999948,2.87451211520238
11.3365659999996,0.0335843174834736
11.3614399999976,2.85972566140117
11.3871469999999,0.0226551994564943
11.4121189999953,3.02848410152365
11.4343149999976,0.871911959082354
11.4560649999976,0.156376172963064
11.479661999993,3.04777078039479
11.5005019999966,1.48169245605823
11.5526939999983,0.18755630380474
11.5790319999978,3.03073421405861
11.6020959999934,0.281096696329769
11.628297999993,3.01401909237029
11.6613489999995,2.85651121492265
11.6887280000001,-0.00241748307598755
11.716299999997,2.18822779203765
11.7445229999945,3.00244708504761
11.7752649999931,1.3814017259283
11.8027599999979,0.242844783235341
11.8275329999998,3.00405430828687
11.846360999994,3.04391344462056
11.8669319999963,1.36757960607065
11.8909189999998,1.24060897016898
11.9134489999935,3.05194956081687
11.9332529999986,1.39940262620803
11.9507009999976,0.581647442071699
11.9685559999943,0.0509423284674995
11.9921999999955,1.97125265473733
12.0792280000001,3.0226980978623
12.100099999994,1.26150287227938
12.119311999999,0.0384059872012585
12.1377559999973,0.00786874565528706
12.1580149999931,1.67263057688251
12.1796459999979,3.042949110677
12.1998939999938,1.33414936269401
12.2201059999987,0.0239409780479036
12.2387269999981,0.0374416532577015
12.2556289999932,0.105587918602396
12.2724939999953,0.189163527044002
12.2893530000001,0.197521087888163
12.3073559999987,1.07024330680724
12.324925999999,1.95550186699256
12.3423679999933,2.60256994311931
12.3616569999978,3.02076942997519
12.3781659999937,3.02109087462304
12.3961499999985,3.03941321955062
12.4146959999949,2.77036404929822
12.4322109999955,2.10979529796168
12.4507479999959,0.599326897703577
12.4681939999983,0.0837296825484373
12.4903579999954,0.730154869379476
12.5113559999987,3.01466198166599
12.5303310000002,3.07927235588431
12.5496649999991,1.74945584771922
12.573248999998,0.44117613096023
12.5912089999989,1.63212855125312
12.610425999999,3.00244708504761
12.6274909999967,3.01176897983532
12.6452349999994,3.03041276941076
12.6625119999945,3.03844888560707
12.6801969999969,3.07380779687082
12.6987079999968,2.12168874993222
12.7165379999951,1.13485368102556
12.7342299999967,0.556896204187069
12.7523899999931,0.0403346550883725
12.7712089999989,-0.000810259836725891
12.7897239999995,0.284954032103997
12.8082579999939,1.95293030980974
12.8259959999993,2.78257894591661
12.8459189999998,3.04262766602915
12.8649959999993,2.7677924921154
12.888737999998,-0.0297402781434357
12.9065629999936,0.58454044390237
12.9237349999994,0.807301584864035
12.9413569999933,1.73884817434009
12.9583909999952,2.06897182768444
12.9753329999968,2.21201469597872
12.9963909999952,3.0294484354672
13.0135959999934,3.06255723419599
13.0308369999975,2.91276402829681
13.0488909999952,2.3875234737061
13.0681079999953,0.0570497767766938
13.0851179999933,0.0480493266368285
13.1038079999983,0.012690415373072
13.1222149999961,0.112016811559442
13.1393379999995,0.274024914077017
13.157110999994,0.894091639784165
13.175560999997,2.31712709582644
13.2002099999934,1.00499004329322
13.2232060000002,0.579718774184585
13.2421369999945,2.28626840963261
13.2611799999997,2.99794685997767
13.2818259999976,2.46692030172562
13.3060839999989,0.0493351052282378
13.3532969999984,0.0236195334000513
13.3753589999974,2.32387743343133
13.3966959999949,3.0570926751825
13.4141609999985,2.9262647035066
13.433974999994,0.674544945301022
13.452186999999,0.0445134355104528
13.4694629999995,0.0329414281877689
13.4872029999942,0.0123689707252197
13.5051229999959,-0.0217041619471274
13.5247329999954,1.76584952475969
13.5449439999983,3.02012654067948
13.5670309999958,1.06638597103301
13.5878559999987,0.00465429917676374
13.6058209999949,0.28398969816044
13.6231199999973,0.505465060530696
13.6410219999999,1.5681610663305
13.6592459999993,2.89926335308701
13.6775119999945,3.01176897983532
13.6968789999932,3.07959380053217
13.7147280000001,2.57267559086904
13.7329219999984,1.35407893086085
13.7515649999976,0.220343657885678
13.769548999995,0.0300484263570979
13.7900959999934,0.878019407391548
13.8088909999952,2.5122439970728
13.826911999993,2.99280374561204
13.845237999998,3.03684166236781
13.8627649999931,3.04841366969049
13.8798819999993,3.08377258095425
13.8985089999959,2.21812214428792
13.9158519999981,1.65398678730708
13.9332060000002,1.05256385117536
13.9472299999967,2.8285455305595
13.9593229999989,2.98283896152861
13.9725599999949,0.518965735740494
13.9866039999947,0.0178335297387093
14.001111999996,0.146732833527494
14.0161019999981,1.15735480637522
14.0289799999967,3.04487777856411
14.0410439999998,1.974145656568
14.0534529999942,0.013654749316629
14.0661369999945,1.18467760144267
14.0782859999984,3.03201999265002
14.0899979999959,0.773228452191688
14.1023859999999,0.0300484263570979
14.1154459999949,1.74334839941002
14.1280959999934,3.02462676574942
14.1404519999996,1.18692771397764
14.1528509999961,0.0271554245264269
14.1651689999998,1.90728516981471
14.1774169999957,3.01434053701814
14.1897939999998,0.657829823612701
14.2031699999943,0.0168691957951523
14.2156529999971,1.42190375155769
14.2275219999999,3.02012654067948
14.2387749999985,0.320634388015606
14.2505569999963,0.503857837291434
14.2640039999932,2.71411123592407
14.2759839999974,2.89829901914345
14.2882699999958,0.0769793449435383
14.3005859999955,0.253773901262321
14.3133959999979,3.00662586546969
14.3283269999996,3.03877033025492
14.3404269999936,1.46529877901776
14.4696719999984,0.0284412031178363
14.4839759999961,0.534073634189554
14.4977859999985,2.55756769241998
14.5117839999944,3.03201999265002
14.6972559999973,3.09791614545975
14.7181089999974,0.0544782195938751
14.7365239999965,0.0239409780479036
14.7535729999989,0.012690415373072
14.7718090000004,0.0946588005754165
14.7896479999945,0.603184233477805
14.8074469999969,1.62730688153533
14.8253839999959,2.48942142707529
14.8450829999968,3.01916220673593
14.8640889999941,2.80411573732272
14.8827069999948,1.43090420169756
14.9017289999947,0.0441919908626005
14.9202609999999,0.0139761939644814
14.9412809999958,1.77259986236459
14.9608959999979,3.00662586546969
14.9789670000002,3.03909177490277
14.9960279999971,3.05741411983036
15.0130379999951,3.06834323785733
15.0308129999936,2.79157939605648
15.0479699999988,2.3807731361012
15.0652339999974,1.96450231713243
15.083411999993,0.655901155725587
15.1007289999947,0.227415440138429
15.117675999999,0.127446154656354
15.1350379999951,0.0506208838196471
15.1534579999968,0.00915452424669638
15.1712329999954,0.00658296706387773
15.1899919999987,0.864840176829603
15.2089769999981,2.86004710604902
15.2292739999965,3.03684166236781
15.2462969999984,3.08377258095425
15.2643049999997,2.5951767162187
15.2815949999988,2.02364813233726
15.2997019999996,1.09306587680476
15.3173769999966,0.405817219696473
15.3349890000001,0.0457992141018622
15.3524959999993,0.0306913156528026
15.3700109999999,0.0801937914220616
15.3876489999965,0.0519066624110565
15.4070439999998,1.71570415969472
15.4241699999943,1.47622789704474
15.4416969999969,2.97448140068445
15.4597199999988,2.97383851138875
15.4778789999932,3.0294484354672
15.495300999999,3.04005610884633
15.5135959999934,3.06962901644874
15.5318389999941,1.68741703068372
15.5489979999959,1.47333489521407
15.5674379999936,0.11715992592508
15.5860639999956,0.0274768691742793
15.6035019999966,0.0101188581902534
15.6220739999935,0.244452006474603
15.6392669999972,0.572325547283981
15.659161999993,2.92047869984526
15.677623999998,3.02012654067948
15.6959519999996,3.04584211250767
15.7132539999932,3.04262766602915
15.7313659999967,2.13583231443772
15.7485059999973,1.93267929699505
15.7661429999992,1.02716972399503
15.7849649999961,0.0390488764969632
15.8030399999991,0.0191193083301187
15.8212229999974,0.00497574382461607
15.8400389999971,1.18499904609052
15.8586219999939,2.71443268057192
15.8785929999948,3.03009132476291
15.8974729999974,3.0018041957519
15.9161989999935,0.88926997006638
15.9333989999965,0.487785604898818
15.9507149999961,0.0621928911423311
15.969373999998,0.0249053119914606
15.987235999994,-0.00113170448457822
16.0043919999972,-0.0127037118072622
16.0225939999968,0.310669603932183
16.0411519999951,1.70477504166774
16.0603219999969,3.01369764772244
16.0784959999993,3.03298432659358
16.1343479999974,0.0531924410024658
16.151612999998,0.0451563248061575
16.1693759999946,0.0245838673436083
16.186923999995,0.00658296706387773
16.204550999999,0.131303490430582
16.2227419999987,1.00756160047604
16.2411709999964,2.16122644161806
16.2587429999933,2.84011753788218
16.2794340000004,3.03941321955062
16.2971369999945,2.60224849847145
16.315536999993,1.51705136732198
16.3353559999987,0.0371202086098492
16.3540709999949,-0.0101321546244435
16.3735449999943,1.21746495552361
16.3937649999931,3.01851931744022
16.4124450000003,3.04777078039479
16.4305599999949,2.70993245550198
16.4508099999949,0.0612285571987741
16.4699019999951,0.0165477511473
16.4878849999979,-0.0503127356059849
16.5063279999942,1.04034895455698
16.5265099999979,3.00534008687828
16.5463599999994,3.08634413813706
16.5667319999933,0.545324196864385
16.5867839999944,0.00561863312032074
16.604998999998,0.142554053105414
16.6227390000001,0.773871341487393
16.6405209999979,1.25989564904012
16.6588209999949,2.8285455305595
16.676349999994,3.01209042448318
16.6939019999951,3.02044798532734
16.7119809999987,3.02719832293224
16.728737999998,3.04584211250767
16.7449399999976,3.02976988011505
16.7622529999986,3.04680644645123
16.7803389999941,2.69353877846152
16.7966199999973,3.09695181151619
16.8135069999993,2.82018796971533
16.8321840000004,1.52283737098332
16.8491599999964,0.85616117133759
16.8668149999976,0.35020729561802
16.8841379999965,0.0515852177632041
16.900423999995,0.346671404491644
16.9177099999934,0.0438705462147482
16.934425999999,0.0441919908626005
16.9509209999964,0.0483707712846808
16.9689139999971,0.0287626477656886
16.9875299999937,-0.0197754940600134
17.0066259999946,1.20235705707455
17.0271389999986,3.01691209420096
17.0490819999948,1.67488068941748
17.0696559999958,0.0178335297387093
17.0902009999976,1.34829292719951
17.1079539999962,2.56785392115125
17.1234059999958,1.41965363902273
17.139248999998,0.882519632461481
17.1549069999978,0.247666452953126
17.1703759999946,-0.0130251564551145
17.1871179999933,0.0618714464944787
17.2041649999991,0.607684458547737
17.2219279999956,0.226451106194872
17.2377899999991,0.0207265315693803
17.2547449999973,0.622470912348945
17.271298999995,0.796693911484908
17.2884179999977,0.0834082379005849
17.3068819999993,1.38911639747676
17.3250009999946,2.98733918659855
17.3447579999939,3.02430532110156
17.365974999994,1.16281936538871
17.3864179999977,0.0139761939644814
17.4065829999968,1.26664598664502
17.4253579999954,2.94522993772989
17.4451829999983,3.03362721588928
17.4656659999937,1.29621889424743
17.4861339999959,0.0220123101607896
17.5072729999945,1.75202740490204
17.5275179999992,3.02655543363653
17.5524029999971,0.0335843174834736
17.5778469999954,3.02334098715801
17.6015929999948,0.0419418783276342
17.6290789999962,3.03941321955062
17.6545,-0.0252400530735031
17.6817679999992,2.11590274627088
17.7023919999972,0.021369420865085
17.721797999993,0.257952681684401
17.7422789999992,2.95840916829184
17.7632549999952,2.93430081970291
17.784487999998,0.0525495517067611
17.812375,3.02655543363653
17.8326069999933,0.952273121045437
17.8559739999995,0.563325097144116
17.8794459999949,3.07412924151868
17.9011809999943,0.149304390710313
17.9216079999954,0.336706620408222
17.9426919999942,3.00759019941324
17.9645269999951,2.33062777103623
17.9844579999968,0.0515852177632041
18.0041950000003,0.199449755775277
18.0232239999995,0.883483966405038
18.0416449999958,2.17247700429289
18.0619269999936,3.0361987730721
18.0810439999998,2.43284716905328
18.1042339999974,-0.0229899405385368
18.1246629999951,2.7125040126848
18.1441919999942,3.02398387645371
18.1648049999997,1.78835065010935
18.1866819999963,0.00947596889454871
18.2565049999952,1.08502976060845
18.2760209999979,3.00373286363902
18.2983219999969,1.63341432984453
18.3173359999955,0.0519066624110565
18.3343989999965,0.0380845425534062
18.3534450000003,0.0178335297387093
18.3744659999982,1.76006352109835
18.3942769999951,3.03105565870646
18.4116259999946,3.04423488926841
18.4288310000002,3.04455633391626
18.4467239999995,2.8918701261864
18.4643299999982,2.16894111316651
18.4814679999948,1.65012945153285
18.4996659999937,0.568146766861901
18.517485999994,0.0416204336797819
18.5354719999954,0.021369420865085
18.5549599999934,0.271453356894199
18.576174999997,3.00437575293472
18.5970189999938,2.70800378761487
18.6119459999949,3.06609312532237
18.6246099999994,2.90504935674835
18.6367479999959,-0.0114179332158528
18.6496539999992,0.518644291092642
18.6620819999948,3.04937800363405
18.6749279999956,2.98733918659855
18.6876969999969,0.022333754808642
18.7005419999957,0.0474064373411238
18.7138549999967,2.25348105555167
18.7262599999979,3.0085545333568
18.7387679999992,0.544038418272976
18.7520059999973,0.0226551994564943
18.7642149999961,1.7192400508211
18.7754549999982,2.99280374561204
18.7875139999986,0.14608994423179
18.8006089999974,0.436997350538149
18.8135399999991,2.68678844085662
18.825425999999,3.00662586546969
18.8377089999989,0.25505967985373
18.8509639999941,0.0387274318491109
18.8631589999944,2.55146024411079
18.8741140000001,2.11300974444021
18.8866409999952,0.105909363250248
18.8997339999974,0.115552702685818
18.9125669999942,2.99151796702063
18.9246679999977,2.98251751688076
18.9369319999963,0.13098204578273
18.9503069999963,0.0509423284674995
18.9628409999982,2.81375907675829
18.9755549999997,3.01016175659606
18.9884929999933,0.531823521654587
19.0026769999936,0.0133333046687767
19.0147849999964,1.90439216798404
19.0282949999943,3.04391344462056
19.0416059999987,2.9802674043458
19.0547659999952,0.256024013797287
19.0676349999979,0.0435491015668958
19.0815879999995,0.957094790763222
19.093661999993,3.02237665321445
19.1087179999948,2.99858974927338
19.1270199999958,3.02816265687579
19.1462079999968,3.06834323785733
19.1643530000001,1.52540892816614
19.1812029999942,1.48490690253675
19.1966079999954,2.78161461197305
19.2129379999936,3.0435919999727
19.2293879999965,2.86551166506251
19.2453329999968,3.05837845377391
19.2622859999985,3.00501864223043
19.2772819999978,3.02784121222794
19.2941599999964,3.0288055461715
19.3112079999968,3.03362721588928
19.3276659999937,3.02912699081935
19.3439609999955,3.02655543363653
19.3610469999984,3.03394866053713
19.3763329999968,3.01980509603163
19.3952269999981,3.03973466419848
19.4124459999949,3.10755948489532
19.4265149999931,3.02044798532734
19.440547999993,1.31807713030139
19.4578579999954,2.66718031733762
19.4802089999989,3.10980959743029
19.5024299999997,0.483285379828885
19.527375,3.02848410152365
19.5500939999968,0.253773901262321
19.575674999997,2.98573196335929
19.6030159999952,0.0159048618515953
19.6273569999933,3.02655543363653
19.6997509999946,0.785121904162224
19.7248999999985,2.69803900353145
19.7515109999999,0.0358344300184399
19.7781719999984,3.03684166236781
19.8002689999938,0.107195141841657
19.8215689999983,0.30327637703158
19.846612999998,2.99055363307707
19.8731469999999,0.815016256412491
19.8994890000001,0.672937722061761
19.9232779999971,1.39040217606816
19.9469019999951,2.8291884198552
19.9725810000002,0.933950776117854
19.9967229999974,3.03459154983284
20.0207449999973,0.0281197584699839
20.0419639999941,2.96226650406606
20.0636289999932,2.71025390014984
20.0836809999943,0.0576926660723984
20.103548999995,0.0310127603006549
20.1263069999963,3.0011613064562
20.1493579999954,1.06188574596308
20.1705979999974,0.214236209576484
20.1925359999985,3.00887597800465
20.2165189999938,1.44697643409017
20.2406369999945,2.06543593655806
20.2653649999946,0.561074984609149
20.289349999994,0.977988692873623
20.3095929999948,3.01112609053962
20.3312839999944,2.08890139585128
20.3517719999999,0.0393703211448155
20.3729849999994,1.37240127578843
20.3959689999968,3.04841366969049
20.415873999998,0.653651043190621
20.4372139999941,0.692545845580753
20.4571669999957,1.78706487151794
20.477310999997,3.02398387645371
20.4965779999942,2.57846159453038
20.5180769999996,0.0342272067791782
20.5423399999961,3.00212564039975
20.5645759999976,1.60641297942493
20.5845319999978,0.0416204336797819
20.6047060000002,0.580361663480289
20.6211469999999,0.181127410847694
20.6380649999976,0.458212697296403
20.6547719999999,0.40678155364003
20.6699909999967,-0.00466759561095387
20.6849789999947,0.0255482012871653
20.7003949999958,0.0441919908626005
20.7155719999969,0.795729577541351
20.7322679999992,0.51157250883989
20.7470649999976,2.05418537388323
20.7612969999984,3.03716310701566
20.7746479999945,2.46852752496488
20.789798999995,1.27436065819347
20.8076299999952,2.63696452043951
20.8231429999992,2.03039846994216
20.8386509999931,0.685474063328002
20.8552309999987,0.777728677261621
20.8704149999991,-0.0101321546244435
20.892423999995,3.01498342631385
20.9106289999932,3.01980509603163
20.9249619999975,2.96805250772741
20.941175999999,2.98991074378137
20.9569549999982,1.4636915557785
20.9721909999996,0.82594537443947
20.9873379999995,0.217772100702859
21.0074519999996,2.02429102163296
21.0288090000004,3.07605790940579
21.0534340000004,0.00819019030313939
21.0750759999976,2.81375907675829
21.0969979999959,2.44763362285448
21.1141179999933,1.48362112394534
21.1325119999945,1.18082026566844
21.1503799999952,0.0483707712846808
21.167924999997,0.0339057621313259
21.1859509999976,0.00690441171173006
21.2043489999995,0.513179732079152
21.2233549999967,1.89474882854847
21.2418599999994,2.9944109688513
21.2589519999996,3.00694731011754
21.2760139999986,3.01691209420096
21.2917509999946,2.995053858147
21.306423999995,1.75459896208486
21.3209619999975,0.154126060428098
21.3345989999995,0.0319770942442119
21.3496209999993,0.0917657987447456
21.3659109999985,1.02170516498154
21.3855019999966,0.0178335297387093
21.4619419999942,3.04327055532485
21.4842779999971,0.0348700960748829
21.5038659999967,-0.0313475013826974
21.5243200000003,2.36341512511717
21.5454589999989,3.06737890391378
21.5705469999984,-0.00466759561095387
21.5926289999932,3.01466198166599
21.6127339999974,3.05773556447821
21.6320359999985,1.153497470601
21.6558679999933,1.14031824003905
21.6804929999933,2.47431352862623
21.703099999994,0.00368996523320675
21.7219189999998,0.537288080668077
21.742375,3.01016175659606
21.7621469999999,3.06834323785733
21.7823369999975,1.03906317596557
21.802048999995,0.0284412031178363
21.8225319999978,1.09178009821335
21.842798999995,3.01755498349667
21.8620439999998,3.06866468250519
21.8821089999974,1.6572012337856
21.9061929999962,1.13646090426482
21.9255359999985,3.00437575293472
21.9451539999992,3.04455633391626
21.9646779999956,1.77806442137808
21.9852779999971,0.0200836422736757
22.005424999997,0.337349509703927
22.026112999998,3.00534008687828
22.0468549999967,2.65367964212783
22.0746829999983,2.1535117700696
22.1055739999935,0.201378423662391
22.1356589999944,0.0544782195938751
22.1615389999971,3.03748455166351
22.1842819999978,0.0509423284674995
22.2058929999992,1.52958770858822
22.2283249999955,2.95583761110902
22.2553139999956,0.268238910415675
22.2793099999949,3.05966423236532
22.3030969999954,-0.00659626349806786
22.3255209999979,2.99473241349915
22.3469780000001,2.68228821578668
22.3679059999958,0.0310127603006549
22.3896689999998,0.670366164878942
22.413974999994,2.44441917637596
22.4342449999973,0.0416204336797819
22.4535859999955,0.304562155622989
22.4730559999943,1.61123464914272
22.489986999996,1.85778269404545
22.5026209999993,0.000796963402535766
22.515373999998,0.779657345148735
22.5297269999981,2.56496091932058
22.5423449999988,3.01787642814452
22.5555429999977,1.15703336172737
22.5703869999945,0.14608994423179
22.583,0.0522281070589088
22.5972509999946,1.83688879193505
22.6106229999959,3.03877033025492
22.6227669999972,1.53730238013668
22.6361889999956,-0.0281330549041741
22.6505719999969,0.0371202086098492
22.6648200000003,0.880590964574367
22.6770339999944,3.0355558837764
22.6899739999995,2.00757589994464
22.7031769999936,0.0361558746662922
22.7174949999973,0.0364773193141446
22.7301429999992,2.2438377161161
22.744174999997,3.04005610884633
22.7569299999997,2.41002459905576
22.7698339999989,0.0522281070589088
22.7833389999941,0.0480493266368285
22.7973719999939,1.79445809841854
22.8097969999984,3.02784121222794
22.8227919999957,1.59484097210225
22.8361509999931,-0.0152752689900808
22.8489439999983,0.522823071514722
22.8622349999994,3.07959380053217
22.8753789999932,2.99698252603412
22.8886399999931,1.3740084990277
22.9022170000002,0.00883307959884405
22.9162599999979,0.120695817051455
22.9295909999982,2.73082635761239
22.9419340000004,3.00630442082183
22.954799999997,0.725654644309543
22.9679890000001,0.021369420865085
22.9818249999955,1.03392006159993
23.0019189999998,0.0216908655129373
23.0232469999939,1.98539621924283
23.0474799999967,2.15865488443524
23.0702819999978,-0.0274901656084694
23.1497679999992,0.360172079701442
23.1772280000001,2.99762541532982
23.1998249999955,0.432497125468217
23.2304599999934,2.45309818186797
23.2611599999964,3.03491299448069
23.2839069999978,0.0490136605803855
23.3067349999994,1.99375378008699
23.3295779999942,3.08698702743277
23.3524729999974,0.0159048618515953
23.3733329999968,2.18404901161557
23.3948729999959,3.0503423375776
23.4173549999967,0.0396917657926679
23.441435999997,2.79447239788715
23.4659719999954,0.400674105330836
23.4848640000001,0.0216908655129373
23.5070019999966,2.30459075456019
23.5288429999948,3.0699504610966
23.5500659999996,0.210378873802256
23.5744219999984,2.83368864492513
23.5972280000001,2.40584581863368
23.6193789999932,0.00722585635958239
23.6384099999964,0.481035267293919
23.6564049999937,1.6989890380064
23.6754129999951,2.99023218842922
23.6997709999979,0.188520637748297
23.7218310000002,0.829802710213698
23.7460139999986,3.03780599631136
23.7695049999952,0.00529718847246841
23.7953469999954,3.04327055532485
23.8200659999996,0.0249053119914606
23.8471069999933,2.48909998242743
23.8677459999993,0.0345486514270306
23.883998999998,0.0416204336797819
23.9009519999996,0.0332628728356212
23.920360999994,0.225165327603463
23.9374029999971,0.532787855598144
23.9543249999955,0.321920166607015
23.9697109999955,-0.0249186084256507
23.9851549999937,0.0171906404430047
24.0010059999973,0.0297269817092456
24.0185319999978,0.0220123101607896
24.0379789999947,0.409996000118554
24.0554549999982,1.61412765097339
24.0687069999948,0.0130118600209244
24.0829890000001,0.0576926660723984
24.0979829999954,1.14096112933476
24.1140629999936,1.77324275166029
24.1314549999982,0.864840176829603
24.1461649999991,2.69353877846152
24.1620529999956,3.03105565870646
24.1780779999942,3.04327055532485
24.192549999997,3.01948365138378
24.2051609999985,0.960630681889597
24.2185,0.011726081429515
24.2341639999971,0.0303698710049503
24.2475299999937,1.22614396101562
24.2619289999977,2.88351256534224
24.2748349999934,2.966766729136
24.2893719999939,1.42415386409266
24.3018709999993,0.0159048618515953
24.3187609999999,0.0114046367816627
24.3393769999966,1.48233534535393
24.3633809999973,2.33994966582395
24.3864069999978,-0.0040247063152492
24.4084929999933,2.99923263856908
24.4305289999992,2.04936370416544
24.4502349999994,0.0531924410024658
24.4725309999958,0.956130456819665
24.4925549999997,3.01884076208808
24.5078239999935,2.92272881238023
24.5241629999951,2.9539089432219
24.543236999996,3.02430532110156
24.564873999998,1.37658005621051
24.5843899999931,0.0287626477656886
24.6010029999986,0.0367987639619969
24.6203949999958,0.165376623102929
24.636922999993,-0.0200969387078658
24.6575959999934,2.87194055801956
24.674123999998,2.28048240597127
24.6947029999942,3.04327055532485
24.7139089999944,1.68227391631808
24.7333069999963,0.0615500018466264
24.750612999998,0.0335843174834736
24.7675559999943,0.0342272067791782
25.6600389999971,3.03009132476291
25.6777099999934,3.0423062213813
25.6970129999965,2.09372306556907
25.7170769999996,0.0406560997362249
25.7361509999931,-0.00209603842813522
25.7537269999981,0.175019962538499
25.7719149999991,1.13549657032127
25.7948339999989,3.03362721588928
25.8136819999963,2.24480205005966
25.8342779999971,0.0361558746662922
25.8559519999996,1.23932319157757
25.8752919999957,3.01080464589177
25.894675999999,3.04102044278989
25.911786999993,3.03041276941076
25.9311849999949,1.4022956280387
25.9522639999986,0.00658296706387773
25.9700159999952,-0.0442052872967906
25.9879849999994,0.438926018425263
26.0066649999991,2.04775648092618
26.0254389999956,3.00244708504761
26.0472689999938,2.31101964751724
26.0677429999933,0.0239409780479036
26.0875539999977,0.281418140977621
26.1061209999993,1.6645944606862
26.1259459999949,3.01176897983532
26.1423359999955,3.00019697251264
26.1619639999941,3.07605790940579
26.1826159999967,0.561074984609149
26.1989919999987,0.952916010341141
26.2176219999939,0.0316556495963596
26.2361159999967,0.0972303577582352
26.2546699999943,0.763263668108266
26.271935999997,1.31904146424495
26.2879419999942,0.6025413441821
26.3037280000001,0.242201893939637
26.3202539999932,0.285918366047554
26.3360689999983,0.114266924094409
26.352349999994,0.0824439039570279
26.3699169999957,0.291704369708896
26.3875039999932,0.56396798643982
26.4061909999996,2.29012574540684
26.4238719999939,2.80186562478775
26.4407719999999,2.96098072547466
26.4590920000002,3.02076942997519
26.4773189999983,3.04327055532485
26.4954609999955,3.06705745926592
26.5108899999931,3.03362721588928
26.5289069999978,2.64628641522722
26.5461979999989,2.24962371977745
26.5659450000003,0.232237109856214
26.5864419999942,-0.0120608225115575
26.6047549999952,0.239308892108966
26.6213519999981,0.353100297448691
26.6368979999945,0.0425847676233388
26.6523999999985,0.00594007776817307
26.6688939999938,0.00368996523320675
26.6855899999961,0.011726081429515
26.7057599999979,1.22003651270643
26.7232149999961,1.80024410207989
26.7421509999931,3.00726875476539
26.7622399999946,3.04005610884633
26.7809479999989,1.4360473160632
26.8002949999943,0.0393703211448155
26.8194799999967,-0.00338181701954454
26.8397060000002,1.78160031250445
26.8592629999965,3.00887597800465
26.877560999997,3.02655543363653
26.8976579999998,1.4022956280387
26.9160769999996,0.391673655190971
26.9348259999976,0.0245838673436083
26.9540459999964,-0.0175253815250471
27.0358649999946,0.000796963402535766
27.0543229999989,0.0477278819889762
27.0696639999971,-0.0117393778637052
27.0861689999998,-0.0114179332158528
27.1028519999981,-0.0110964885680005
27.1205319999978,-0.0683136358857155
27.1392569999993,0.706046520790551
27.1568179999962,0.900520532741211
27.1743039999977,1.64048611209728
27.1896819999963,0.50192916940432
27.2070389999971,0.9747742463951
27.2261359999999,1.7677781926468
27.2431689999998,1.75781340856338
27.2613399999961,1.67841658054385
27.2752539999932,1.43540442676749
27.2902549999952,0.741083987406455
27.307123999998,0.721797308535315
27.3267319999933,1.65559401054634
27.3444409999996,1.64659356040647
27.3617060000002,1.55305316788144
27.3755810000002,1.40840307634789
27.3924649999961,1.40936741029145
27.4115279999971,1.58005451830104
27.4291879999936,1.45276243775152
27.4439709999934,1.7057393756113
27.4619139999971,1.82145944883814
27.4787229999974,2.2364444892155
27.4943349999934,2.79672251042211
27.5100189999938,2.99023218842922
27.5250439999998,2.97576717927586
27.5406089999974,2.65978709043702
27.5570459999964,2.16669100063154
27.5751969999969,2.99537530279486
27.5940339999944,3.03105565870646
27.6145949999988,1.83528156869579
27.6323999999985,1.58134029689245
27.6483640000001,2.10175918176537
27.6646679999977,2.23933749104617
27.6858049999997,0.453391027578618
27.7037439999953,0.564610875735525
27.7195819999948,0.619577910518274
27.7334450000003,0.968666798085906
27.7488339999989,1.76456374616828
27.7644829999954,2.0712219402194
27.7776659999937,3.05355678405613
27.7916049999967,3.00276852969546
27.8082229999974,3.01176897983532
27.8219679999948,1.60480575618567
27.8355459999964,0.68933139910223
27.8498889999986,1.27403921354562
27.8656919999942,1.5816617415403
27.8836909999996,1.04934940469684
27.9006840000004,0.860661396407522
27.9173699999973,0.800551247259136
27.9332039999962,1.04259906709194
27.947724999994,2.71989723958541
27.964798999995,1.94328697037417
27.9812039999962,2.13165353401564
27.9979340000004,2.6633229815634
28.0133579999953,3.00984031194821
28.0281209999993,3.07187912898371
28.0437409999967,3.05066378222546
28.058236999996,3.00951886730036
28.0747949999943,3.00726875476539
28.090860999994,2.99473241349915
28.1061979999989,2.15447610401316
28.1214789999947,1.08438687131274
28.1360979999974,0.536966636020225
28.1533709999993,0.520251514331903
28.1706669999957,0.890555748657789
28.1852559999973,0.486178381659556
28.2011479999945,0.577468661649618
28.2170039999932,0.724047421070281
28.2324209999964,1.43990465183742
28.2497509999946,1.05513540835818
28.2743799999952,2.78097172267735
28.2934059999958,3.0435919999727
28.3117959999964,3.06705745926592
28.3306659999937,2.72825480042957
28.3495920000002,1.22935840749415
28.3693299999982,0.339921066886745
28.3900069999993,2.20719302626094
28.4109639999941,3.05516400729539
28.4256559999958,3.01691209420096
28.4445899999961,3.04327055532485
28.4672039999962,0.513822621374857
28.4877109999955,0.338956732943188
28.509422999993,3.01948365138378
28.5299499999955,3.07380779687082
28.5489279999956,1.49905046704225
28.5693999999985,0.212628986337222
28.5851559999958,0.251202344079502
28.6044039999992,0.474606374336872
28.6208919999972,0.321598721959163
28.637922999993,0.489071383490227
28.6595849999934,3.02301954251016
28.6825139999986,1.50387213676004
28.7039739999995,0.272739135485608
28.7253799999952,3.00405430828687
28.7460139999986,3.0638430127874
28.7743589999974,2.48813564848388
28.801925999999,0.287204144638963
28.8236499999985,1.88864138023928
28.8459819999933,3.09341592038982
28.9168339999989,0.649793707416393
28.9321439999938,2.00468289811397
28.9471149999946,2.5675324765034
28.9619340000004,3.05066378222546
28.9751569999978,3.00051841716049
28.985998999998,0.0216908655129373
28.9962239999995,3.00823308870895
29.0061509999931,1.34572137001669
29.0168889999986,0.409996000118554
29.0290199999958,3.0503423375776
29.0406529999971,2.1049736282439
29.053799999997,0.00851163495099172
29.0685909999982,0.0316556495963596
29.0820979999974,1.65527256589849
29.0955129999965,3.03266288194573
29.1078369999975,2.40134559356375
29.1255099999979,2.89926335308701
29.1415739999935,2.88254823139869
29.1545429999977,0.177591519721318
29.1674340000004,0.0483707712846808
29.1800179999992,2.69932478212286
29.1923999999985,3.00726875476539
29.2050689999983,0.483606824476738
29.2164609999955,0.697046070650686
29.2274479999989,3.02398387645371
29.2382289999947,0.423818119976204
29.2496140000001,0.734012205153704
29.2595059999973,3.01434053701814
29.270173999995,0.000796963402535766
29.2822549999952,0.972524133860134
29.2947629999965,3.03427010518499
29.3043299999982,0.0866226843791083
29.3149639999941,1.69095292181009
29.3280419999957,3.0355558837764
29.3405909999982,1.34925726114307
29.3537269999981,-0.030061722791288
29.3655539999977,1.15446180454455
29.379300999999,3.00759019941324
29.3943839999959,2.99280374561204
29.4089829999954,2.61253472720273
29.4271339999959,3.01241186913103
29.4430439999998,2.85940421675332
29.4615920000002,3.03041276941076
29.4772779999971,3.01787642814452
29.4912769999951,2.2088002495002
29.5096779999956,2.98476762941573
29.5270519999936,3.00244708504761
29.5441969999969,3.00019697251264
29.5626349999979,3.02623398898868
29.5813579999954,1.70959671138553
29.5980810000002,1.88960571418284
29.613474999994,2.72343313071178
29.6313569999933,2.30201919737738
29.6511699999943,0.0429062122711912
29.6693579999954,0.0268339798785746
29.6884289999977,0.103337806067429
29.7059019999951,0.446640689973719
29.7231669999957,0.65493682178203
29.7396709999964,1.02941983653
29.7535529999956,0.00240418664179742
29.7723949999958,0.34474273660453
29.7880219999999,-0.00177459378028288
29.8042589999959,-0.00209603842813522
29.8227019999996,0.395530990965199
29.8415810000002,2.05964993289672
29.8577739999965,1.81181610940257
29.8702689999938,-0.00177459378028288
29.8855819999948,0.0306913156528026
29.9057079999968,0.222593770420644
29.9269329999983,2.75397037225775
29.9543469999954,-0.0168824922293425
29.9796669999957,2.99569674744271
30.0030309999958,0.0220123101607896
30.0329340000004,1.05513540835818
30.0624519999996,3.0085545333568
30.0911989999935,0.795408132893499
30.1723969999999,-0.00884637603303418
30.1986479999945,2.16251222020946
30.2236679999977,0.457569808000699
30.2508239999935,0.382994649698958
30.2751969999969,1.63759311026661
30.3122639999986,2.98862496518996
30.3355389999971,0.0377630979055539
30.366935999997,1.11846000398509
30.394786999993,3.00598297617398
30.4202719999999,0.014619083260186
30.4440409999937,3.00244708504761
30.4650159999952,2.63503585255239
30.486875,0.0123689707252197
30.514861999996,2.72343313071178
30.5423689999953,2.27212484512711
30.5710089999959,0.011726081429515
30.5993329999968,1.54180260520661
30.6244629999995,1.48908568295883
30.6502819999978,1.00402570934966
30.6732939999998,0.537930969963782
30.6989099999964,1.98636055318639
30.7198659999967,0.0220123101607896
30.7357659999952,0.0371202086098492
30.7522679999992,0.0316556495963596
30.7675579999983,0.40678155364003
30.7836789999977,0.815337701060344
30.8024329999983,0.0367987639619969
30.8196379999965,0.0284412031178363
30.8371979999989,0.0200836422736757
30.8529739999995,0.0335843174834736
30.8725989999995,0.244452006474603
30.8872619999945,0.0123689707252197
30.9033019999936,0.025226756639313
30.919125,0.0396917657926679
30.9354019999951,0.0965874684625305
30.9506030000001,0.890555748657789
30.9666669999957,1.27628932608059
30.9824780000001,2.07957950106356
31.0012619999945,0.311312493227888
31.0173709999993,0.860982841055375
31.0320849999934,2.24190904822899
31.0488289999962,2.58135459636105
31.0650599999949,2.63503585255239
31.0802759999931,2.94908727350412
31.0958889999986,3.04391344462056
31.1136649999991,3.042949110677
31.1302289999947,3.01080464589177
31.1452289999947,3.00276852969546
31.1601699999943,2.89669179590419
31.1783399999961,3.00212564039975
31.1965049999952,3.06641456997022
31.2097609999999,2.70896812155843
31.2218689999953,0.171805516059976
31.2346049999967,0.729833424731623
31.2506479999945,0.873197737673763
31.2656429999992,2.26505306287436
31.2813869999945,2.77807872084668
31.2998189999983,1.46015566465212
31.3165449999943,1.58648341125809
31.3339569999948,0.808587363455445
31.3506169999987,0.854553948098328
31.367236999996,0.702510629664175
31.3813909999952,2.84976087731775
31.3976899999976,2.86840466689318
31.4134619999975,3.07895091123646
31.4304309999943,2.74175547563937
31.4487929999977,2.58906926790951
31.466125,2.17826300795423
31.4834189999998,1.6228066564654
31.4977749999985,3.09180869715055
31.512297999993,2.93751526618144
31.5292109999955,3.02462676574942
31.5480579999983,2.32484176737489
31.5650929999948,2.82211663760245
31.5846699999943,0.715046970930416
31.6064679999948,0.172448405355681
31.6233369999975,0.709582411916927
31.643,2.10979529796168
31.6658819999993,2.16379799880087
31.6854849999994,0.391673655190971
31.7133679999933,3.01916220673593
31.7382959999964,0.00690441171173006
31.7595679999962,2.20044268865604
31.7829089999944,2.39459525595885
31.8138219999969,2.95037305209553
31.8362839999944,0.0506208838196471
31.857685999997,0.563646541791968
31.8859819999933,0.60800590319559
31.9143049999997,3.02559109969297
31.9380439999998,0.0197621976258233
31.999,2.62474962382112
32.0249899999946,0.621506578405388
32.0552459999993,0.0187978636822663
32.0804499999955,3.03298432659358
32.1039689999968,0.0303698710049503
32.132123999998,2.81472341070184
32.1649629999995,2.97898162575439
32.1858939999938,0.598041119112168
32.2062919999957,0.0782651235349476
32.2338349999934,1.56333939661272
32.2624439999983,3.01755498349667
32.2810329999998,2.98958929913351
32.2984069999978,2.91501414083177
32.3167929999977,2.4575984069379
32.3391479999945,0.0496565498760901
32.3536879999936,0.0249053119914606
32.3627390000001,3.03491299448069
32.3713469999954,0.00304707593750209
32.3846849999949,0.845553497958463
32.4004039999992,1.45340532704722
32.417175999999,1.26793176523643
32.430425999999,3.03973466419848
32.4436529999971,2.06607882585377
32.4588429999948,1.71023960068123
32.4768469999954,2.13293931260705
32.4938439999968,2.53892390284454
32.5049849999994,0.0130118600209244
32.5185649999976,0.905663647106849
32.5318409999982,2.77293560648104
32.545536999993,3.01016175659606
32.5653649999946,2.51256544172065
32.5819049999937,2.89508457266493
32.5917390000001,1.40486718522152
32.6051399999931,0.0104403028381057
32.6201769999936,0.367243861954194
32.6339409999996,1.59419808280654
32.6482229999974,2.70543223043205
32.661174999997,2.20687158161309
32.674737999998,1.50933669577353
32.6906030000001,0.271774801542051
32.7021569999978,0.571039768692572
32.717235999994,1.25635975791374
32.7317729999945,2.80733018380124
32.747435999997,3.04680644645123
32.7628530000001,3.02462676574942
32.7726019999981,0.0798723467742093
32.7854769999981,0.305847934214398
32.7975299999937,3.05162811616901
32.8087429999933,1.5331235997146
32.8233729999959,0.460141365183517
32.8352039999962,0.222272325772792
32.8470159999952,3.01466198166599
32.8579509999976,0.730476314027328
32.8722699999958,0.0683003394515254
32.8827519999966,2.28691129892832
32.8978939999938,2.88962001365144
32.9099219999984,2.16669100063154
32.9233489999995,-0.0136680457508191
32.9353819999993,0.705725076142699
32.9476319999993,3.02012654067948
32.9605969999954,2.18244178837631
32.9784189999998,2.24898083048174
32.9972509999946,3.01112609053962
33.0177019999996,1.30071911931736
33.034936999999,1.2923615584732
33.0519029999971,0.744298433884978
33.0693310000002,0.523144516162574
33.0878299999982,0.0313342049485072
33.1050359999984,0.0165477511473
33.1215439999998,0.0220123101607896
33.1372209999934,0.0390488764969632
33.1532069999948,0.243809117178898
33.1714139999971,0.0329414281877689
33.1890849999934,0.010761747485958
33.2058859999999,0.00433285452891141
33.2217819999978,0.025226756639313
33.2368189999983,0.22066510253353
33.2540269999951,0.0380845425534062
33.2726269999966,0.00368996523320675
33.2911399999931,0.599326897703577
33.3079479999989,0.44535491138231
33.3239670000002,0.290418591117486
33.3415429999977,0.525394628697541
33.357811999999,0.385566206881776
33.3759279999956,0.866125955421012
33.4214699999988,0.0567283321288414
33.4391229999959,0.0101188581902534
33.4554959999993,0.0187978636822663
33.4718369999975,0.0226551994564943
33.4882419999987,0.0319770942442119
33.5046709999964,0.0335843174834736
33.5228279999942,0.00690441171173006
33.5393259999976,0.0120475260773674
33.556248999998,0.0120475260773674
33.5715409999937,0.0300484263570979
33.5877509999946,0.0384059872012585
33.6039939999953,0.23577300098259
33.6222629999965,0.0220123101607896
33.6396969999969,0.00240418664179742
33.6580779999942,0.563003652496263
33.6759419999942,1.02299094357295
33.6917189999968,0.617970687279012
33.7117139999941,2.66171575832414
33.7277089999989,2.29623319371603
33.745748999998,3.00083986180834
33.7622739999965,2.62796407029964
33.7796499999985,3.02559109969297
33.7945579999983,2.51288688636851
33.8124439999983,2.80925885168836
33.8308779999986,3.03973466419848
33.8483229999989,3.03137710335432
33.8674969999939,2.0435777005041
33.8829979999959,3.01659064955311
33.9026499999985,0.823373817256652
33.9216169999987,0.0364773193141446
33.939547999993,0.0959445791668259
33.9567399999946,0.00176129734609276
33.9724759999961,0.0313342049485072
33.9917199999988,0.316455607593525
34.012536999993,2.86711888830177
34.0292749999985,2.995053858147
34.0477449999973,3.03009132476291
34.062625,2.95808772364398
34.0798469999954,2.95487327716546
34.0950899999961,2.05579259712249
34.1138789999932,3.02623398898868
34.1302149999961,3.01401909237029
34.1493709999993,2.85233243450057
34.1675349999964,2.3814160253969
34.1841699999943,2.02911269135075
34.1984629999995,3.02559109969297
34.2115859999955,2.51513699890347
34.2228549999967,0.010761747485958
34.2358979999945,1.10688799666241
34.2485099999979,3.03491299448069
34.2585659999996,0.625363914179616
34.2719799999967,0.0274768691742793
34.2834849999994,2.53410223312676
34.2951709999964,2.60385572171072
34.306923999995,0.0236195334000513
34.3191539999992,1.0712076407508
34.3319429999962,3.03844888560707
34.3422919999957,0.719547196000349
34.3558099999949,0.0216908655129373
34.3693829999939,0.986346253717784
34.3825189999938,3.00276852969546
34.3993369999975,2.98348185082432
34.4178929999992,2.45181240327656
34.4316269999966,3.03684166236781
34.4419659999982,0.552395979117136
34.4544009999931,0.237058779573999
34.4700559999943,0.445676356030162
34.4815700000003,3.03716310701566
34.4953479999974,2.51063677383354
34.5062519999966,0.0149405279080383
34.5186049999967,1.59130508097587
34.5316689999998,3.03362721588928
34.5509059999958,2.53153067594394
34.5705829999968,0.615720574744046
34.591174999997,0.06894322874723
34.609798999995,0.93620088865282
34.6237619999945,0.00561863312032074
34.6387159999982,0.254416790558025
34.6561219999939,0.0229766441043466
34.70425,0.160876398032997
34.721047999993,1.10817377525382
34.7391659999937,0.0339057621313259
34.7574560000002,0.523465960810427
34.7764849999994,0.152840281836689
34.7928420000002,0.632114251784515
34.8106140000001,1.43122564634541
34.827922999993,1.20299994637026
34.8427529999986,0.659437046851963
34.8602939999998,1.05481396371033
34.8778310000002,1.55948206083849
34.8926779999956,0.651722375303507
34.9113769999966,0.739476764167193
34.9292149999961,2.97319562209304
34.944111999996,1.24639497383032
34.9620689999983,1.6093059812556
34.9807269999981,2.88479834393365
34.9978039999977,3.01884076208808
35.0147329999954,3.0220552085666
35.0307219999954,3.00984031194821
35.0446339999959,0.696081736707129
35.0627459999993,2.47238486073911
35.079675999999,2.6700733191683
35.0954129999951,2.0233266876894
35.1121479999945,1.92882196122082
35.1261489999965,0.31163393787574
35.1443789999932,1.24800219706958
35.1627329999953,2.51063677383354
35.1806329999939,3.00501864223043
35.195986999996,2.29494741512462
35.2116269999966,1.22100084664999
35.2274289999977,0.799586913315579
35.2422769999951,0.190770750283264
35.2604949999973,0.724047421070281
35.2784059999958,0.874804960913025
35.2940009999946,0.275632137316279
35.3131549999937,2.60417716635857
35.3327559999973,3.03201999265002
35.3504029999971,2.98123173828935
35.3688279999942,2.26858895400073
35.3929769999981,0.372386976319831
35.413861999996,2.9047279121005
35.4326039999947,3.03427010518499
35.4510209999979,2.80668729450554
35.4730229999945,0.0454777694540098
35.4927019999996,0.191413639578968
35.5140689999983,2.95583761110902
35.5324429999962,3.03298432659358
35.5480089999959,3.01851931744022
35.5600269999951,0.637578810798004
35.5722969999984,0.0422633229754865
35.5859629999995,1.89410593925277
35.5984809999987,3.03459154983284
35.6134419999942,2.58328326424817
35.6229079999998,0.024262422695756
35.6371689999998,1.32032724283636
35.6501329999939,2.96580239519244
35.6610389999971,1.57651862717466
35.6750590000004,0.0133333046687767
35.6855409999937,2.08600839402061
35.6993349999934,3.04873511433834
35.7132699999958,2.87129766872386
35.7250319999978,0.025226756639313
35.7357060000002,2.4428119531367
35.7496669999957,3.06159290025244
35.7632939999998,2.4084173758165
35.7736779999956,0.0229766441043466
35.787800999999,0.548538643342908
35.8023339999989,2.33384221751476
35.8148289999962,2.97833873645868
35.8281049999967,1.3200057981885
35.8393149999976,0.191735084226821
35.8535639999956,0.882841077109333
35.8674689999968,3.01434053701814
35.8859450000003,3.05677123053465
35.9238759999946,0.0332628728356212
35.9428039999977,0.472677706449758
35.9614519999996,1.21489339834079
35.9785709999949,1.55112449999433
35.9949279999956,0.566218098974787
36.0107639999986,0.514786955318414
36.0279429999962,0.737226651632227
36.0472669999972,2.54985302087152
36.0623849999979,1.6854883627966
36.0804739999995,2.70414645184064
36.0972069999948,2.39105936483247
36.1173469999954,3.0361987730721
36.1379939999953,1.22517962707207
36.1574039999992,0.103980695363134
36.1743259999976,0.023298088752199
36.1953249999955,1.46851322549628
36.214237999998,2.78547194774728
36.2332609999999,3.0294484354672
36.2583429999948,0.00754730100743473
36.2803200000003,2.84911798802204
36.3029569999948,2.30973386892583
36.3251359999999,0.0114046367816627
36.3440529999956,0.469463259971235
36.3617159999982,1.133889347082
36.3770009999946,0.478142265463248
36.3930119999945,0.0654073376208544
36.413248999998,1.92175017896807
36.4306409999952,2.96644528448815
36.4483729999959,2.65850131184561
36.4678029999956,2.58874782326166
36.4860899999961,2.53570945636602
36.5048019999936,0.870947625138797
36.5193249999955,1.82017367024673
36.5315349999964,3.02044798532734
36.5467579999939,2.00564723205753
36.5649049999937,2.97737440251512
36.5830549999997,3.03234143729787
36.5977879999951,2.995053858147
36.610911999993,0.723083087126724
36.6248559999988,0.0879084629705176
36.6400869999975,0.0425847676233388
36.6529789999947,2.43991895130603
36.666300999999,3.02494821039727
36.6816499999985,3.02044798532734
36.6959819999933,2.88286967604654
36.7137859999984,2.99601819209056
36.7247569999993,0.0538353302981704
36.7412399999946,0.066050226916559
36.7553420000002,0.90855664893752
36.7672599999979,3.05612834123895
36.7816549999937,2.90279924421338
36.7960719999969,2.45245529257227
36.8094639999941,-0.0162396029336378
36.8211309999973,1.45308388239937
36.8375559999943,1.61316331702983
36.8513999999985,3.09213014179841
36.8656030000001,3.02076942997519
36.8804109999985,2.70768234296702
36.8959929999933,2.18244178837631
36.9098649999946,0.328670504211914
36.9253929999992,0.487464160250966
36.9453149999976,1.12199589511147
36.9642479999959,2.77486427436816
36.9830549999997,3.04102044278989
37.0041099999994,1.92721473798156
37.0266679999977,0.220343657885678
37.0459079999998,1.71506127039902
37.0646419999972,2.87161911337171
37.0837029999942,3.03684166236781
37.1028729999959,2.99344663490774
37.124361999996,0.5405025271466
37.1430659999996,0.0486922159325331
37.1637119999975,2.40552437398583
37.1826609999984,3.02462676574942
37.1989009999931,3.01466198166599
37.2173659999967,3.05227100546472
37.2370989999995,2.31455553864362
37.290547999993,0.483606824476738
37.3076549999937,0.384923317586072
37.3236069999933,0.342492624069564
37.339236999996,1.12746045412496
37.3583159999996,0.191413639578968
37.3730849999934,0.646900705585722
37.3908329999968,0.337670954351779
37.407299999997,0.139661051274743
37.4230309999958,0.333170729281846
37.4404599999934,0.346349959843792
37.456123999998,0.843624830071349
37.4732779999971,0.0596213339595124
37.4897899999991,1.34861437184736
37.504987999998,1.29654033889528
37.5206950000003,1.5681610663305
37.5364649999961,2.63921463297447
37.5526449999958,2.77840016549453
37.5720549999997,0.783836125570815
37.5894619999975,0.77483567543095
37.6077929999977,0.0412989890319295
37.6250569999963,0.259559904923663
37.641786999993,0.66040138079552
37.65675,0.0551211088895798
37.6770399999991,0.113302590150852
37.6953989999965,0.928486217104364
37.7137809999958,2.96162361477036
37.7280129999965,-0.00595337420236319
37.7474589999989,2.26923184329644
37.765675999999,2.69418166775722
37.7793079999983,1.66266579279909
37.7938179999962,0.466891702788416
37.8074639999941,0.0355129853705876
37.8191149999946,2.77164982788963
37.8312729999945,2.73307647014735
37.8408599999994,0.0339057621313259
37.8598689999953,0.133232158317696
37.8737539999932,0.0441919908626005
37.8898149999976,0.24123755999608
37.9085879999995,0.023298088752199
37.928536999993,0.505465060530696
37.9462929999977,1.26857465453213
37.963923999995,2.03104135923786
37.9812339999974,1.95228742051404
37.9997009999976,2.96290939336177
38.0169780000001,3.00469719758257
38.0352309999987,2.94040826801211
38.053625,2.16508377739228
38.0703200000003,2.22583681583637
38.0869909999967,2.23387293203268
38.106236999996,0.872876293025911
38.1262679999992,0.020405086921528
38.1453919999972,0.67422350065317
38.1602419999987,0.0133333046687767
38.179936999999,0.915306986542419
38.1947009999976,0.367886751249898
38.2130279999971,0.94584422808839
38.2306389999986,2.05675693106605
38.2459670000002,1.01688349526376
38.2628929999992,0.986989143013489
38.2803889999986,1.06799319427228
38.2949759999961,0.482321045885328
38.3062679999992,0.782871791627258
38.320412999995,2.4495622907416
38.3362029999942,2.1885492366855
38.3501039999947,3.01337620307459
38.3656359999999,2.96612383984029
38.3812889999971,2.02589824487222
38.397599999994,1.6774522466003
38.4158339999989,2.66364442621125
38.4336479999945,2.83465297886869
38.4519009999931,2.6700733191683
38.4691299999952,2.91179969435325
38.4873200000003,2.37884446821408
38.5044469999969,1.55016016605077
38.5198819999993,2.91372836224036
38.5398229999989,0.44535491138231
38.5590459999964,0.653008153894916
38.5763269999996,0.0200836422736757
38.5938299999982,0.021369420865085
38.6131669999957,1.58873352379305
38.630373999998,1.25346675608307
38.6476950000003,1.76488519081613
38.6641299999952,1.80442288250197
38.6833949999958,3.00726875476539
38.7017509999946,2.98926785448566
38.716985999994,2.59967694128864
38.7304499999955,1.74366984405788
38.7417299999967,0.0271554245264269
38.7562269999981,0.828838376270141
38.7742769999951,0.171805516059976
38.7920309999958,0.0946588005754165
38.8103059999943,0.00561863312032074
38.8270789999962,0.014619083260186
38.8493049999997,2.77518571901601
38.8658589999974,2.63214285072172
38.8840599999949,3.00212564039975
38.9023449999988,2.95294460927835
38.9195289999992,2.90729946928332
38.9346329999939,3.02044798532734
38.9477209999934,2.00532578740967
38.96275,0.367886751249898
38.9817589999959,2.42095371708274
39.0005529999956,2.92240736773238
39.0192839999944,2.92080014449311
39.0357199999988,3.01851931744022
39.0526849999949,3.0355558837764
39.0705409999937,2.76875682605896
39.0897229999974,1.16571236721938
39.1038719999939,2.59742682875367
39.1169769999981,2.77679294225527
39.1307719999999,1.87128336925525
39.1469839999974,1.88060526404297
39.1655209999979,1.93042918446008
39.1833459999934,2.82533108408097
39.2322239999995,2.91694280871889
39.2446349999979,0.214236209576484
39.2554949999973,1.20975028397515
39.2684179999977,3.01787642814452
39.2838169999942,3.02044798532734
39.3002469999939,3.0153048709617
39.3167549999952,2.63503585255239
39.3342229999974,3.01980509603163
39.3504189999998,2.90151346562197
39.3647329999954,1.97864588163793
39.3792319999933,1.12231733975932
39.3892089999989,1.29364733706461
39.4002629999965,2.82629541802453
39.4109670000002,0.293954482243862
39.422550999999,1.81695922376821
39.4418269999996,0.0393703211448155
39.4569219999984,0.788014905992895
39.4737449999973,0.736583762336522
39.4900289999992,0.814373367116787
39.5019709999934,3.00566153152613
39.5143779999986,1.73595517250942
39.5284450000003,-0.0178468261728995
39.5460709999949,0.395530990965199
39.5652829999998,2.11075963190524
39.5826209999993,2.24673071794678
39.6003649999946,2.89926335308701
39.6143049999997,1.49776468845084
39.628674999997,0.173091294651385
39.6449519999996,0.00497574382461607
39.6642699999958,1.70316781842848
39.6820549999997,2.23451582132839
39.6979699999988,1.79445809841854
39.7152409999967,1.95357319910545
39.7318189999983,2.05579259712249
39.750599999994,3.00373286363902
39.7668519999981,2.99216085631633
39.7799759999961,0.929771995695774
39.8005799999982,2.89765612984775
39.8188269999996,3.02559109969297
39.8371409999952,2.8291884198552
39.8559689999968,1.9471443061484
39.8717969999984,2.38173747004475
39.8903379999995,1.40133129409514
39.9079699999988,0.452105248987209
39.9238489999995,1.03102705976926
39.9394179999977,1.74238406546647
39.960625,0.0152619725558907
39.9753099999949,0.0435491015668958
39.9935439999998,0.0351915407227352
40.0185629999936,2.69225299987011
40.0364109999985,2.93012203928083
40.0559569999948,1.62827121547889
40.0746629999951,0.752977439376991
40.0872039999962,2.95808772364398
40.1044399999976,2.4023099275073
40.1246719999984,0.351493074209429
40.1385739999935,2.29012574540684
40.1541489999965,3.05548545194324
40.1694109999984,2.73661236127373
40.1847849999964,3.02526965504512
40.1984909999967,2.64500063663581
40.2144639999941,1.34507848072099
40.2281889999956,0.00754730100743473
40.2433359999955,0.682902506145183
40.2577959999964,0.0763364556478336
40.2749579999968,0.237380224221852
40.2876449999958,3.09180869715055
40.3018229999989,2.88190534210298
40.3171499999985,2.99762541532982
40.3322579999939,2.03232713782927
40.3488159999996,1.68098813772667
40.3651489999965,2.06254293472739
40.3817659999952,2.0644716026145
40.3958439999968,0.182091744791251
40.4115989999995,0.0625143357901834
40.4241979999989,0.861304285703227
40.4398239999935,1.48715701507172
40.4531489999965,3.02687687828438
40.470486999996,2.90344213350909
40.4873279999942,2.89476312801708
40.5308779999986,1.14096112933476
40.5449519999996,0.148340056766756
40.5604789999947,0.100123359588906
40.5710239999965,2.56142502819421
40.586498999998,3.03105565870646
40.6025159999952,2.9944109688513
40.6167739999965,2.92272881238023
40.6315099999979,1.61316331702983
40.6452669999972,0.130660601134878
40.6616840000004,0.00979741354240105
40.6729289999977,1.43154709099326
40.6893959999979,1.67552357871318
40.7040259999931,2.96612383984029
40.7183099999949,2.98573196335929
40.7348659999967,3.01787642814452
40.7510439999998,3.00469719758257
40.7633059999943,0.440211797016673
40.7782209999934,0.0268339798785746
40.7930009999946,0.0904800201533362
40.8110389999971,0.577468661649618
40.8272909999937,0.0300484263570979
40.8437839999944,0.0557639981852844
40.8600989999995,0.258917015627958
40.8769519999996,0.625685358827468
40.8927739999965,0.0448348801583052
40.9089179999977,0.434104348707478
40.9289739999995,0.167626735637896
40.9448099999949,0.320955832663458
40.963361999996,0.0621928911423311
40.9852599999979,3.00051841716049
41.0014719999954,3.02559109969297
41.0213159999996,2.3881663630018
41.037548999995,2.90987102646613
41.0561889999956,2.19722824217752
41.0736349999979,1.46079855394782
41.0912829999998,0.825623929791618
41.1097329999954,0.17919874296058
41.1279069999978,0.0303698710049503
41.1451950000003,0.354707520687953
41.1612149999961,0.0210479762172326
41.1756459999979,0.326420391676947
41.188547999993,2.35505756427301
41.2035239999965,3.02109087462304
41.2167729999945,2.67618076747749
41.2349929999933,3.0226980978623
41.2478469999954,1.32964913762407
41.2623669999987,0.255381124501582
41.2798819999993,0.425746787863318
41.2960810000002,0.264381574641448
41.3136459999979,0.137410938739777
41.3280189999938,0.0512637731153518
41.3439099999964,0.131946379726287
41.3648259999976,1.39168795465957
41.3790639999956,0.187234859156888
41.3936289999932,0.193342307466082
41.4075719999969,1.27275343495421
41.4225639999956,2.18629912415054
41.4418729999959,0.789943573880009
41.4592009999976,0.371744087024126
41.4743209999949,1.53087348717963
41.4871329999939,2.65078664029716
41.5002299999967,2.87965522956802
41.5162089999989,2.14804721105611
41.5323139999956,1.9882892210735
41.5485769999996,2.48202820017468
41.564675999999,1.14996157947462
41.5787099999934,0.759084887686186
41.5915229999945,0.0657287822687067
41.6059679999948,2.03939892008202
41.6208209999949,3.11141682066955
41.6370169999972,2.67103765311185
41.6496779999956,2.16636955598369
41.6633799999952,0.36949397448916
41.6748689999953,1.16346225468442
41.6899539999962,1.21489339834079
41.7077239999995,0.782228902331553
41.7236339999959,2.45213384792442
41.736422999993,2.72889768972527
41.7565189999938,2.52863767411327
41.7722449999973,2.27662507019704
41.8136149999946,1.2849683315726
41.8294819999933,0.023298088752199
41.8439319999963,0.743655544589274
41.8586559999958,0.39713821420446
41.8751019999981,1.06927897286369
41.8910829999968,1.32900624832837
41.9078829999939,0.890234304009937
41.9201849999949,3.03909177490277
41.9373129999936,3.04134188743774
41.9540019999966,3.03684166236781
41.9685579999983,3.02076942997519
41.9832259999961,2.36309368046932
41.9990339999944,1.99021788896061
42.0138709999993,0.615399130096193
42.0249329999983,0.97059546597302
42.042673999995,0.548860087990761
42.054474999994,3.00148275110405
42.0716879999936,2.99248230096418
42.0890159999952,2.63117851677816
42.1017119999975,2.86969044548459
42.1182019999996,3.01691209420096
42.1308409999981,0.95002300851047
42.1465519999936,0.581004552775994
42.1587339999974,1.54983872140292
42.1729099999964,1.81663777912036
42.1873889999986,3.03716310701566
42.2021189999953,3.03169854800217
42.2165719999969,1.56108928407775
42.2290719999969,0.479106599406805
42.2416789999977,2.34380700159818
42.2549459999949,1.96996687614592
42.2685049999952,3.0220552085666
42.2855549999997,3.02494821039727
42.3004569999948,2.75332748296205
42.3144459999949,0.0943373559275642
42.336237999998,3.04455633391626
42.3537189999968,3.05130667152116
42.3712259999961,2.75011303648353
42.3899209999964,1.88542693376075
42.4100319999978,0.860982841055375
42.4278919999972,0.0384059872012585
42.4462229999974,0.921092990203761
42.4584429999962,0.534716523485258
42.4789929999933,0.30327637703158
42.4983579999953,2.53024489735253
42.5211209999993,2.90601369069191
42.5349809999988,2.91855003195815
42.5503229999989,2.31584131723503
42.5788179999962,0.223236659716349
42.5962899999991,0.465284479549155
42.6104689999968,0.309705269988626
42.6251719999984,1.21425050904509
42.650923999995,2.40423859539442
42.6737799999937,1.61959220998688
42.6896339999959,2.41452482412569
42.7086679999977,0.894413084432017
42.7312349999994,0.56525376503123
42.7539309999943,3.00887597800465
42.7728789999932,2.48556409130106
42.7902299999967,1.99407522473484
42.8038779999986,3.04166333208559
42.8165590000004,1.81438766658539
42.8352619999945,2.68935999803944
42.855923999995,2.96483806124888
42.8725769999996,2.28112529526697
42.8875439999998,2.95937350223539
42.9082139999941,1.46594166831346
42.9264709999934,0.190127860987559
42.9441669999957,0.974452801747248
42.9620149999931,0.0114046367816627
42.9763939999938,0.555288980947807
42.9948359999955,0.430568457581103
43.013047999993,-0.0152752689900808
43.027736999996,0.155090394371655
43.0473189999983,0.0801937914220616
43.085110999994,2.76939971535467
43.1062409999967,2.07507927599363
43.1216309999973,2.74079114169581
43.1376659999937,2.90601369069191
43.1572049999982,0.685474063328002
43.1753429999948,0.610898905026261
43.1932319999933,0.132589269021992
43.2115269999951,0.589683558268007
43.2283489999995,0.0335843174834736
43.248173999995,1.08856565173483
43.2649179999977,0.793800909654237
43.2795159999952,-0.00563192955451086
43.2965920000002,0.240594670700375
43.3072619999945,1.57780440576607
43.323411999993,2.18212034372846
43.3388679999933,2.52220878115622
43.3559319999963,2.62989273818675
43.3741689999998,1.2708247670671
43.3860779999942,2.91083536040969
43.3989569999948,1.3740084990277
43.4125789999962,0.0011184080503881
43.4300289999992,0.116195591981523
43.4466159999967,0.210057429154404
43.4636959999949,0.211343207745813
43.4750529999956,0.841696162184235
43.4873549999967,2.85586832562694
43.5019379999936,2.76843538141111
43.5162689999938,1.56944684492191
43.5328799999952,1.73756239574868
43.5453449999988,0.011726081429515
43.5615359999984,0.0345486514270306
43.5767060000002,0.245737785066012
43.5884109999985,2.88351256534224
43.6031589999944,3.01562631560955
43.6191049999967,2.75075592577923
43.638161999993,2.54985302087152
43.6552019999996,3.10209492588183
43.6702629999965,3.0355558837764
43.6886699999943,2.42352527426556
43.6996799999997,2.76329226704547
43.7164099999964,1.19657105341321
43.7339709999934,2.27662507019704
43.7485329999998,0.486499826307409
43.7664959999993,1.2094288393273
43.7772390000001,0.0287626477656886
43.7952159999981,0.017512085090857
43.8137809999958,1.00820448977174
43.8294179999977,-0.000488815188873559
43.8442419999987,0.303597821679432
43.8621819999963,0.00368996523320675
43.8740829999968,2.55049591016723
43.8903269999996,1.81535200052895
43.9085629999936,0.913378318655305
43.9273819999993,0.378815869276877
43.944625,0.079550902126357
43.9601149999946,0.173091294651385
43.9752709999979,1.27500354748918
43.9934189999998,0.385566206881776
44.0105829999968,0.184984746621922
44.0244489999935,1.22839407355059
44.0409589999989,1.57330418069614
44.058737999998,1.06767174962442
44.0752459999993,1.17149837088073
44.0939619999975,0.467534592084121
44.1076279999986,1.67905946983956
44.1241389999986,1.76842108194251
44.1408839999959,1.5398739373195
44.1610459999964,0.429604123637546
44.1763929999992,0.19719964324031
44.192786999993,1.10785233060597
44.2112699999958,0.0319770942442119
44.2311030000001,0.109766699024476
44.2477159999981,0.136125160148367
44.2612639999986,0.0724791198736057
44.275611999996,0.887341302179266
44.3242319999933,1.56366084126057
44.338672999993,2.77132838324178
44.3556319999993,2.40070270426804
44.3705539999977,3.01176897983532
44.3880419999957,2.95776627899613
44.4038339999989,3.00534008687828
44.4252799999937,0.781264568387996
44.4385349999964,3.01980509603163
44.4560249999985,3.08248680236284
44.4718999999985,2.98508907406358
44.4858299999982,2.4360616155318
44.5028219999969,3.00951886730036
44.5172589999959,2.92047869984526
44.5350749999955,2.30716231174301
44.5538789999932,2.78322183521232
44.5684739999995,2.72182590747252
44.5857859999984,2.73114780226024
44.6017619999945,2.995053858147
44.6182779999971,2.39877403638093
44.6364539999962,2.49681465397589
44.6501309999973,2.27630362554919
44.6653559999987,1.14481846510898
44.683123999998,1.88960571418284
44.7009729999974,2.20076413330389
44.715375,1.09435165539617
44.7345019999966,2.59421238227515
44.7513449999988,2.21876503358362
44.7660700000003,1.51994436915265
44.7809619999975,0.551431645173579
44.7978559999987,0.643364814459346
44.8148999999985,0.59289800474653
44.8316169999987,0.884448300348595
44.8470039999932,0.18884208239615
44.8642019999996,0.155411839019507
44.8864129999951,3.02173376391875
44.9030709999949,3.0159477602574
44.9220579999983,2.82211663760245
44.9369549999982,3.02623398898868
44.9540590000004,3.02559109969297
44.9722689999938,2.90858524787473
44.9907139999941,1.85713980474975
45.0075529999956,2.15865488443524
45.0241299999952,2.15897632908309
45.0425259999931,1.11138822173234
45.0614799999967,0.0429062122711912
45.0757949999943,1.35568615410011
45.0901929999962,2.1467614324647
45.1079729999974,1.47912089887541
45.1240769999996,2.06575738120591
45.1395459999964,2.69450311240507
45.1557209999934,2.87258344731526
45.170911999993,3.02719832293224
45.1863589999974,3.00051841716049
45.2007609999999,2.21683636569651
45.2163329999968,1.26728887594072
45.2281079999954,0.071836230577901
45.2439069999978,0.442783354199491
45.259810999997,0.669723275583237
45.271173999995,3.01755498349667
45.2843599999994,2.65496542071924
45.2992919999957,1.42222519620555
45.3183059999943,2.61799928621622
45.3371809999943,3.02848410152365
45.3545099999979,3.03394866053713
45.3696079999954,2.99826830462553
45.386911999993,3.02044798532734
45.4034479999989,3.02591254434083
45.4198269999996,2.99344663490774
45.4388919999972,2.90826380322687
45.456298999995,2.78675772633869
45.4720039999932,3.05805700912606
45.4900379999951,2.55017446551938
45.5059539999962,2.67650221212534
45.5220279999971,2.91083536040969
45.5395269999951,2.75589904014487
45.5565859999955,2.42320382961771
45.5725269999951,2.98637485265499
45.5883359999955,2.77068549394608
45.6043889999986,3.03684166236781
45.6196289999932,2.95069449674338
45.6442209999934,0.523144516162574
45.6577170000002,2.35827201075153
45.6810989999995,0.199771200423129
45.7249629999995,1.63759311026661
45.7439399999976,0.520251514331903
45.7620529999956,0.0271554245264269
45.7736979999989,1.97896732628578
45.791974999994,1.29782611748669
45.8082639999986,1.33254213945474
45.8236009999961,2.32323454413563
45.8395399999991,2.82565252872882
45.8586199999973,1.22067940200213
45.870987999998,3.0294484354672
45.888736999996,2.9809102936415
45.9020839999989,2.99923263856908
45.9173509999961,2.26473161822651
45.9324789999947,1.08695842849556
45.9491099999994,1.40004551550373
45.9660199999958,1.41322474606568
45.9821459999979,0.892484416544903
45.9967799999937,0.0924086880404502
46.011549999997,0.128089043952059
46.0223889999986,2.65817986719776
46.0369679999948,3.02655543363653
46.050686999999,2.13904676091624
46.0677649999931,2.67103765311185
46.082236999996,0.946808562031947
46.0987529999986,1.02652683469933
46.1138599999994,0.321920166607015
46.1310789999962,0.338635288295336
46.1472149999961,0.28270391956903
46.1651639999971,0.627614026714582
46.183549999997,1.6922387004015
46.200623999998,2.62699973635608
46.2141189999953,0.29781181801809
46.2280659999996,0.400995549978688
46.2416030000001,0.908878093585372
46.2549649999961,3.01851931744022
46.2732639999986,2.88415545463795
46.2895159999952,2.83626020210795
46.3070939999968,2.18501334555913
46.3243969999999,1.77484997489955
46.3402839999944,2.50613654876361
46.3579979999959,1.43861887324601
46.3733509999961,2.5877834893181
46.3873649999946,3.04166333208559
46.4017719999999,3.00083986180834
46.418487999998,2.01721923938021
46.4334939999953,0.818873592186719
46.4491569999978,1.22132229129784
46.4642129999995,0.3543860760401
46.4779189999998,0.288811367878225
46.4912519999966,2.26183861639583
46.5078839999959,0.250238010135945
46.5248659999967,1.08117242483422
46.540185999997,2.4158106027171
46.5590899999961,1.0712076407508
46.5756439999938,1.59001930238446
46.5946649999991,0.334135063225403
46.6146309999973,0.40678155364003
46.6336159999967,1.75588474067627
46.6485729999989,0.778371566557325
46.6665129999965,1.52508748351829
46.683985999994,2.4360616155318
46.6963689999953,0.124874597473536
46.711036999993,0.548860087990761
46.7299069999978,0.162162176624406
46.7410439999998,1.41033174423501
46.7537229999974,3.03201999265002
46.7718530000001,3.03330577124143
46.785550999999,2.97190984350163
46.8012569999993,2.76393515634118
46.8153429999948,1.05834985483671
46.8275659999996,0.222915215068497
46.8417609999999,1.55112449999433
46.859297999993,1.29300444776891
46.8742689999938,2.10786663007457
46.8903059999943,2.17183411499718
46.9069209999964,2.42609683144838
46.9198669999987,3.00951886730036
46.9366030000001,3.02526965504512
46.9493349999934,1.5331235997146
46.9645249999985,0.719868640648201
46.9817339999974,0.905342202458996
47.0295019999966,0.270167578302789
47.0435529999956,1.08085098018637
47.0601459999979,1.04549206892261
47.077925999999,0.808265918807592
47.0913299999982,1.76842108194251
47.1078029999956,1.90342783404049
47.1228909999952,2.80604440520983
47.1368229999989,3.03266288194573
47.1544159999937,3.04680644645123
47.1697649999931,3.02526965504512
47.1852829999998,3.00051841716049
47.2019049999937,2.99601819209056
47.2134179999977,0.532466410950292
47.2309579999968,0.725654644309543
47.2458839999959,0.433140014763921
47.2613179999962,0.168912514229305
47.271424999997,3.07187912898371
47.2874949999973,3.04391344462056
47.3047209999934,3.05805700912606
47.3199519999996,3.03234143729787
47.3348519999981,2.57781870523468
47.352485999994,3.02366243180586
47.3643599999994,0.797336800780613
47.380800999999,0.464320145605598
47.3957759999931,0.0763364556478336
47.4127879999951,0.739155319519341
47.4283409999982,0.281096696329769
47.442310999997,1.58487618801882
47.4590259999931,1.99600389262196
47.4750279999971,1.14513990975684
47.4906539999992,2.37884446821408
47.5047519999966,3.10273781517753
47.5180179999992,2.49231442890596
47.5333539999947,1.58905496844091
47.5510739999935,2.11365263373591
47.5652649999931,0.949701563862618
47.5822799999937,2.09918762458256
47.5984279999956,0.498714722925797
47.6151019999981,1.0509566279361
47.6294579999968,0.0149405279080383
47.6459909999967,0.0734434538171627
47.6616289999932,0.0380845425534062
47.6790949999988,0.0197621976258233
47.6933249999955,0.69768895994639
47.7064890000001,2.04904225951759
47.7242229999974,1.82788834179519
47.7414560000002,1.24510919523891
47.7582269999981,1.48779990436742
47.7726559999958,2.76007782056695
47.7902949999943,2.16122644161806
47.8061809999943,2.49070720566669
47.8226339999959,2.63439296325669
47.8379199999943,2.95744483434828
47.8548799999952,2.9600163915311
47.870922999993,3.0153048709617
47.8880309999958,2.94265838054707
47.9041209999993,3.01626920490526
47.9225319999978,2.81375907675829
47.9385089999959,2.94748005026486
47.9554509999976,2.88479834393365
47.9725209999979,2.79640106577426
47.9889189999998,2.73725525056943
48.0059389999956,2.65560831001494
48.022911999993,2.59260515903588
48.0396699999943,2.54470990650589
48.0552729999945,2.8217951929546
48.0695729999989,3.01305475842673
48.0859829999954,2.99666108138626
48.101060999997,2.59389093762729
48.1190810000002,2.95294460927835
48.135311999999,2.70993245550198
48.1521829999983,2.83851031464292
48.1674769999981,2.46113429806428
48.1843939999938,2.22165803541429
48.2009479999989,2.19851402076893
48.2168869999945,2.00725445529679
48.2310529999956,0.588397779676598
48.2467479999959,0.122303040290717
48.2619139999971,0.74044109811075
48.2815749999955,0.552395979117136
48.2987179999948,1.02749116864288
48.3169379999936,1.57523284858325
48.3373779999986,3.03523443912854
48.3552809999958,2.44731217820663
48.3732759999931,1.84106757235713
48.3930529999956,0.596755340520758
48.4139209999964,0.598041119112168
48.4362269999981,2.18212034372846
48.4572879999951,1.77227841771673
48.4788909999952,0.0226551994564943
48.5024009999931,2.65239386353642
48.5251019999981,1.21360761974938
48.5464629999995,-0.00756059744162485
48.5686279999986,2.66943042987259
48.5915789999962,1.82145944883814
48.6055579999983,2.54117401537951
48.6190849999934,2.98605340800714
48.6300559999943,0.40260277321795
48.6432849999964,0.707653744029813
48.6576179999933,0.926878993865103
48.6733179999962,2.01368334825383
48.6880920000002,2.90762091393117
48.700623999998,2.10883096401813
48.7157559999973,0.920128656260204
48.7315519999936,0.412567557301372
48.7486339999959,0.622792356996797
48.7662459999993,1.83335290080868
48.779799999997,0.0454777694540098
48.7991299999952,1.48169245605823
48.8501569999978,1.90021338756196
48.8658069999963,1.38397328311112
48.8797199999988,0.0676574501558207
48.8941889999956,0.0474064373411238
48.9057609999999,2.60610583424568
48.9202799999937,3.01401909237029
48.9354529999942,2.40198848285945
48.9601179999933,0.509000951657072
48.9843519999981,2.19594246358611
49.0029089999944,3.00373286363902
49.0222199999988,2.84236765041715
49.0427479999959,0.610898905026261
49.0618459999934,0.124231708177831
49.0820529999956,0.615077685448341
49.1008589999974,2.37563002173556
49.1186059999987,2.99923263856908
49.1392170000002,2.60385572171072
49.1615969999954,0.0644430036772974
49.178862999998,0.00915452424669638
49.1978359999955,0.64657926093787
49.2191989999935,2.95905205758754
49.2410799999982,1.20782161608804
49.260425999999,0.0509423284674995
49.2765810000002,1.10528077342315
49.2914159999937,0.699939072481357
49.3074649999961,1.44022609648528
49.3233759999946,2.57717581593897
49.3403559999987,0.474606374336872
49.354862999998,2.49231442890596
49.3692060000002,3.01337620307459
49.3833299999982,2.31101964751724
49.3968019999936,0.117481370572932
49.4076099999994,1.27532499213703
49.4230709999949,2.29494741512462
49.4393649999946,2.50356499158079
49.4531579999998,2.93526515364647
49.4666289999932,1.97896732628578
49.4794019999951,0.152518837188836
49.4915909999982,0.804730027681217
49.504997999996,2.82790264126379
49.5174419999942,2.82629541802453
49.531286999993,0.733690760505851
49.5451499999985,0.00754730100743473
49.5674839999974,2.31648420653073
49.5833349999934,2.0361844736035
49.598662999995,0.97059546597302
49.6159670000002,1.41258185676998
49.6319469999969,0.646257816290017
49.6511159999967,2.79640106577426
49.6686779999957,2.97994595969794
49.6867689999938,3.0220552085666
49.7056379999965,2.88897712435573
49.7225659999996,2.63792885438306
49.7403420000002,1.98025310487719
49.7583169999942,1.29364733706461
49.7730419999957,2.32484176737489
49.7889719999954,2.84140331647359
49.8079419999942,1.31100534804864
49.8274089999944,0.179520187608432
49.8437949999943,0.506750839122105
49.8605920000002,0.635328698263038
49.8803889999986,0.243166227883194
49.897923999995,0.64657926093787
49.9149309999943,0.57907588488888
49.9341969999969,2.76329226704547
49.9501429999992,2.374665687792
49.9696799999997,3.01916220673593
49.9887099999934,2.46531307848636
50.0071599999964,2.13229642331135
50.0244689999968,1.28979000129038
50.0416950000003,1.56687528773909
50.0882829999998,3.05966423236532
50.1017029999942,3.01305475842673
50.1167939999998,1.95293030980974
50.1264670000002,0.165698067750782
50.1397929999977,2.4428119531367
50.152112999998,3.03137710335432
50.162685999997,-0.0586702964501455
50.1758819999993,0.346992849139497
50.1886659999937,2.57235414622119
50.2028589999974,2.97673151321942
50.2162969999984,1.75074162631063
50.2291929999962,0.426711121806875
50.241310999997,1.00434715399751
50.2563019999936,2.2081573602045
50.2744459999949,0.991489368083421
50.2928539999947,1.10367355018388
50.3101519999951,0.525394628697541
50.3288599999994,0.291704369708896
50.3421789999977,0.729511980083771
50.3564579999968,2.03232713782927
50.3745700000003,1.04163473314838
50.3892579999939,2.41741782595636
50.4056489999965,2.7806502780295
50.4233409999982,2.1885492366855
50.4412699999958,1.55016016605077
50.4587049999982,1.01431193808094
50.4765689999983,0.64111470192438
50.4940939999968,0.384923317586072
50.5108339999989,0.241880449291784
50.5248530000001,1.10978099849308
50.5420279999971,0.864197287533898
50.5575939999968,1.58069740759674
50.5744009999931,1.52283737098332
50.5913059999943,1.34668570396025
50.608873999998,1.0361701741349
50.6281829999983,0.109766699024476
50.6432629999965,0.652043819951359
50.6605969999954,0.410960334062111
50.673549999997,1.98636055318639
50.6837599999979,2.83111708774231
50.6930049999952,0.31163393787574
50.7034729999974,3.04552066785982
50.7159959999993,2.18887068133336
50.7271469999999,0.168912514229305
50.7392109999955,2.55371035664575
50.7532829999998,3.03298432659358
50.767172999993,2.56431803002488
50.7798289999962,0.363386526179966
50.7927060000002,0.790265018527862
50.8062349999994,2.27598218090134
50.8190379999951,3.02494821039727
50.8323939999938,1.75556329602841
50.8491030000001,1.65880845702486
50.8654509999976,1.51158680830849
50.8824539999962,1.78770776081365
50.8999269999936,2.15479754866101
50.9221599999964,2.66428731550695
50.9381399999931,3.04841366969049
50.9571039999947,2.22262236935785
50.973661999993,1.87706937291659
50.9944890000001,1.18435615679482
51.0124890000001,1.72566894377815
51.0325810000002,1.25893131509656
51.0528469999954,2.96387372730533
51.076875,0.626328248123173
51.1083039999977,0.921092990203761
51.1322549999952,1.29621889424743
51.1489909999967,1.42093941761414
51.1674149999991,2.40938170976005
51.1848769999966,2.97448140068445
51.2036159999967,3.05098522687331
51.2227329999954,2.57781870523468
51.2399939999953,1.6713447982911
51.255049999997,2.93076492857654
51.2682189999968,2.9465157163213
51.2806219999939,0.526037517993245
51.2946309999973,0.019440752977971
51.3476289999932,0.574254215171095
51.3623719999939,0.0120475260773674
51.3744139999971,1.1682839244022
51.3866659999937,3.02848410152365
51.3989780000001,1.87128336925525
51.4095309999958,0.194628086057492
51.4201419999972,3.01434053701814
51.430998999998,1.02106227568584
51.440875,0.995346703857649
51.4537170000002,3.0220552085666
51.4694379999936,3.01884076208808
51.4828139999956,1.85938991728472
51.4976509999931,0.133232158317696
51.5131409999952,0.157983396202326
51.5282959999964,0.0120475260773674
51.5435219999999,0.124553152825683
51.5613530000001,0.020405086921528
51.5765539999977,0.30199059844017
51.5902749999985,1.51126536366064
51.6051149999946,2.73243358085165
51.6244799999967,1.60351997759426
51.6431919999942,0.476213597576134
51.6611259999946,0.0467635480454192
51.6780810000002,0.022333754808642
51.6946349999979,0.0371202086098492
51.7139919999987,0.165698067750782
51.730549999997,0.19848542183172
51.7506259999946,2.17601289541926
51.7667899999991,2.28176818456268
51.7878129999936,3.00469719758257
51.806736999996,2.11783141415799
51.8241589999944,1.41226041212212
51.8414439999983,1.25989564904012
51.8615709999949,0.498714722925797
51.8798129999936,0.0149405279080383
51.8986140000001,1.3396139217075
51.9175079999939,2.62442817917326
51.9366059999987,3.02237665321445
51.9536829999983,3.02655543363653
51.9715829999968,2.72729046648601
51.9893420000002,2.54020968143595
52.0021899999976,2.91404980688822
52.0126909999996,0.915949875838123
52.0268319999948,0.0438705462147482
52.0389399999976,3.00083986180834
52.0516709999964,2.27983951667557
52.0650469999984,1.40325996198226
52.0747789999992,0.666830273752566
52.0869589999989,3.02076942997519
52.1013469999954,2.80797307309695
52.1158779999986,1.49101435084594
52.1304009999931,0.322563055902719
52.1439979999959,0.0875870183226652
52.1561929999962,2.18469190091128
52.1695079999939,3.0220552085666
52.1831299999952,2.11879574810155
52.1967839999944,0.155090394371655
52.2079169999957,0.804408583033364
52.2221499999985,2.55146024411079
52.235786999993,3.01434053701814
52.2546389999986,2.9944109688513
52.2714670000002,2.93462226435076
52.2887669999972,2.66621598339407
52.3058969999999,2.78097172267735
52.3731689999998,2.02236235374585
52.3907829999998,1.47622789704474
52.4070279999971,1.6430576692801
52.4222759999931,2.64467919198796
52.4396559999958,2.23933749104617
52.4575429999977,1.33157780551119
52.474998999998,0.929129106400069
52.4919199999943,1.37432994367555
52.5112060000002,0.0239409780479036
52.5282769999951,0.0297269817092456
52.5472089999989,0.405174330400769
52.5640929999948,0.341528290126007
52.5820399999991,1.31389834987931
52.5980329999998,0.84651783190202
52.6131950000003,0.192699418170378
52.6318819999993,0.886055523587856
52.6524429999962,3.00726875476539
52.6745819999948,0.995025259209797
52.6942939999998,0.18337752338266
52.7116639999971,0.0191193083301187
52.7259139999971,0.442140464903787
52.7412339999974,1.14160401863046
52.7608659999967,0.212950430985074
52.7791979999989,0.00176129734609276
52.7933459999934,0.153483171132393
52.8068179999962,1.525730372814
52.8186039999947,3.01209042448318
52.829873999998,0.470749038562644
52.8427099999934,0.572004102636129
52.8532170000002,3.02173376391875
52.8663139999956,2.28851852216758
52.8770389999971,0.0329414281877689
52.8896209999993,2.18051312048919
52.9031999999955,3.03266288194573
52.9142219999954,0.910806761472486
52.9242199999988,1.16571236721938
52.9362789999992,3.03523443912854
52.9488929999992,1.66748746251687
52.9620469999984,0.00594007776817307
52.9751269999966,0.830445599509403
52.987112999998,3.02784121222794
53.0004319999963,2.62924984889105
53.0132779999971,0.373994199559093
53.0240449999943,1.34347125748172
53.0371539999992,3.02751976758009
53.0500019999966,2.21233614062658
53.0662539999932,1.78513620363083
53.084612999998,2.79125795140862
53.101474999994,3.0018041957519
53.1169739999995,2.62989273818675
53.1324519999996,1.7118468239205
53.1498099999949,1.95228742051404
53.1649309999943,1.06510019244161
53.1829949999973,1.92689329333371
53.2001779999956,2.43702594947536
53.2174379999936,2.69868189282715
53.2342189999968,2.75493470620131
53.2519949999973,3.01884076208808
53.2719069999978,2.99376807955559
53.2918169999942,1.25025230960455
53.3124929999933,0.167626735637896
53.3330529999957,1.65270100871567
53.3573549999967,2.15672621654812
53.3781779999956,0.201699868310243
53.3990539999977,1.55851772689493
53.4180529999957,2.96580239519244
53.4352019999996,3.01851931744022
53.4519279999956,3.00823308870895
53.4685309999958,3.02109087462304
53.4853079999983,3.02687687828438
53.4980749999955,1.06156430131523
53.5131299999952,0.283025364216883
54.5787799999937,0.0168691957951523
54.5999649999961,1.90471361263189
54.6188149999976,2.67875232466031
54.6393079999983,2.71603990381118
54.658673999995,1.27950377255911
54.6812569999993,0.628899805305991
54.702799999997,2.93205070716795
54.7245069999993,1.85521113686264
54.7472280000001,0.0342272067791782
54.7687469999939,2.58906926790951
54.7940219999999,0.410960334062111
54.8193669999987,2.98701774195069
54.841675999999,1.20589294820093
54.8653329999968,0.615399130096193
54.8832079999968,1.74366984405788
54.9026999999955,2.97769584716298
54.9218829999939,2.94458704843419
54.9417809999958,1.44858365732944
54.9635449999943,0.0589784446638077
54.9915810000002,1.42736831057118
55.0165139999986,1.3746513883234
55.0359059999958,2.99858974927338
55.0549159999937,3.02044798532734
55.0743719999939,1.6915958111058
55.0935419999957,0.496143165742978
55.1151979999989,0.427032566454727
55.1336459999979,1.80281565926271
55.1548489999995,3.01016175659606
55.1715689999983,2.95969494688325
55.1947909999937,0.0191193083301187
55.2114849999994,0.268560355063528
55.2371419999972,3.02334098715801
55.2585389999971,1.45854844141286
55.2779309999943,0.112659700855147
55.2981519999951,0.373351310263388
55.3185899999961,2.83786742534721
55.3386089999974,2.99119652237277
55.3588229999989,1.13581801496912
55.3773759999946,0.333170729281846
55.4001389999986,1.25410964537878
55.4186999999955,2.87226200266741
55.4401599999964,2.31680565117858
55.4599409999996,0.739155319519341
55.4829209999964,1.11781711468939
55.5028239999935,3.01337620307459
55.5205939999968,2.99794685997767
55.5393069999963,2.86165432928829
55.5658589999974,1.24703786312602
55.5857009999976,2.99151796702063
55.6061709999964,2.97223128814949
55.6289560000002,0.012690415373072
55.6595519999936,0.803122804441955
55.6833889999986,1.19174938369542
55.7086950000003,1.37272272043629
55.7329819999933,1.36822249536635
55.7545669999942,3.03073421405861
55.7716709999964,3.06898612715304
55.793599999994,0.555288980947807
55.8081769999936,1.58391185407527
55.8263399999961,1.03874173131771
55.8412829999998,1.54791005351581
55.8573789999932,1.99311089079129
55.8748249999955,1.83688879193505
55.8925019999966,1.17824870848563
55.9097669999972,0.85616117133759
55.9285379999951,0.150590169301722
55.9468369999975,0.13098204578273
55.9649939999953,0.761977889516857
55.9849059999958,2.89669179590419
56.0008879999965,2.1123668551445
56.0885199999958,3.00662586546969
56.106111999996,2.84526065224782
56.1255109999999,1.46562022366561
56.1438239999935,0.437640239833854
56.1593599999994,0.989882144844159
56.1798209999949,0.0515852177632041
56.1969579999968,0.0567283321288414
56.2169909999967,1.48426401324105
56.2373249999955,3.03234143729787
56.2572909999937,2.36084356793435
56.2760989999995,1.37432994367555
56.2947119999975,0.293954482243862
56.3116409999952,0.0351915407227352
56.3306509999931,0.0384059872012585
56.3475559999943,0.429604123637546
56.3664799999967,1.42801119986689
56.3833279999942,1.36372227029642
56.4017229999974,2.52188733650837
56.420724999994,3.0294484354672
56.4397819999978,2.68678844085662
56.4575029999986,2.22937270696275
56.4771329999939,0.797658245428465
56.4930139999986,0.626649692771025
56.5114299999997,0.467856036731973
56.5286479999945,0.0277983138221316
56.5456989999935,0.0454777694540098
56.5656399999931,0.620863689109683
56.5827549999952,0.847803610493429
56.6009769999981,2.2499451644253
56.6176339999959,2.01818357332377
56.6366179999933,2.8500823219656
56.6542119999975,3.04166333208559
56.6718159999996,2.97544573462801
56.6919009999931,1.41740352648776
56.7120849999934,0.239308892108966
56.7322019999996,0.433140014763921
56.7491419999972,0.922057324147318
56.7659389999956,0.788336350640748
56.7865409999937,2.99633963673841
56.8066159999967,3.01626920490526
56.8294109999985,0.353100297448691
56.8482579999939,0.123267374234274
56.8689289999977,2.84815365407849
56.8896709999964,2.86776177759748
56.9096149999946,1.27403921354562
56.928361999996,0.497107499686535
56.9495799999982,1.33800669846823
56.970111999996,3.01659064955311
56.9887099999934,3.03266288194573
57.0055419999957,3.01819787279237
57.0233420000002,2.78418616915587
57.040422999993,2.49681465397589
57.0574209999964,2.28273251850624
57.0744169999957,2.13004631077638
57.091297999993,1.897963275027
57.1082929999977,1.71088248997694
57.1246289999932,1.8912129374221
57.1412539999932,1.94071541319136
57.1595249999985,1.16346225468442
57.1742289999947,2.04454203444766
57.1902909999937,2.51803000073414
57.2076469999999,2.16733388992725
57.2241429999992,2.35891490004724
57.2410239999965,2.346378558781
57.2562739999965,2.81858074647607
57.2727639999986,2.9526231646305
57.2894309999943,2.94812293956056
57.3071539999992,2.61896362015978
57.3260149999931,1.93428652023431
57.343735999994,0.516715623205528
57.3825049999952,0.897306086262688
57.3949209999964,0.397781103500165
57.4063200000003,2.43413294764468
57.4187479999959,2.95101594139123
57.431685999997,0.437640239833854
57.4439089999944,0.627935471362434
57.4567189999968,2.64017896691803
57.4702109999955,3.02237665321445
57.4832189999968,1.12392456299858
57.4954529999942,0.181448855495546
57.5059709999934,3.12106016010512
57.5177829999998,1.97221698868088
57.5304129999951,-0.0364906157483347
57.5429919999987,0.890555748657789
57.5557469999939,3.01241186913103
57.5681539999992,2.27051762188785
57.5804969999939,0.130339156487025
57.593299999997,0.923664547386579
57.6038099999949,3.03041276941076
57.617986999996,2.26858895400073
57.630811999999,0.018476419034414
57.6468709999993,0.0486922159325331
57.6598969999999,1.13003201130778
57.6720590000004,2.94973016279982
57.6865909999982,3.01916220673593
57.7007299999967,1.65302245336352
57.7130559999943,0.0168691957951523
57.7247729999945,1.70766804349842
57.7372189999968,3.02301954251016
57.7515859999955,2.49970765580656
57.7656359999999,1.04484917962691
57.7791899999976,0.013654749316629
57.7904159999937,2.48781420383602
57.8032669999972,3.01241186913103
57.8175749999955,2.30619797779946
57.829611999996,0.0101188581902534
57.8432039999962,0.991489368083421
57.8569489999935,2.70382500719279
57.8697769999951,2.94394415913848
57.8828200000003,1.04645640286617
57.895486999996,0.0216908655129373
57.9093369999975,1.24060897016898
57.9227589999959,2.97576717927586
57.9368989999965,3.00051841716049
57.9509469999969,1.9808959941729
57.9630439999998,0.00401140988105908
57.9758519999981,1.36243649170501
57.9889069999978,3.02044798532734
58.002862999998,2.99762541532982
58.0155089999959,0.581647442071699
58.0301549999937,0.00401140988105908
58.0414789999947,1.81760211306391
58.0552149999961,3.03587732842425
58.068736999996,2.7118611233891
58.0807269999981,0.121981595642865
58.0922919999957,1.5405168266152
58.105736999996,3.04712789109908
58.1197399999946,2.95712338970043
58.1336999999955,1.88060526404297
58.1495739999935,0.47428492968902
58.1690759999976,2.42320382961771
58.1866479999945,3.00598297617398
58.2060979999974,2.79768684436567
58.2244419999942,2.20301424583886
58.241436999999,2.70189633930568
58.2612519999966,0.409031666174997
58.2796979999989,0.0277983138221316
58.2964279999957,0.0104403028381057
58.3145769999996,0.0445134355104528
58.331485999994,0.562360763200559
58.3484039999992,0.365636638714932
58.3673809999973,1.06831463892013
58.3884109999984,3.01401909237029
58.4048399999961,3.02912699081935
58.4214949999973,3.03459154983284
58.4381840000004,3.02719832293224
58.453798999995,3.01626920490526
58.4733339999989,3.08152246841928
58.4912679999992,2.88929856900359
58.5423129999936,2.42641827609623
58.560799999997,0.891198637953494
58.5768019999936,1.2155362876365
58.5943989999965,0.961273571185302
58.6121219999939,0.371422642376274
58.6290359999985,0.0384059872012585
58.6453649999946,0.144482720992528
58.6615469999984,0.392637989134528
58.6797859999985,0.0210479762172326
58.6976189999953,-0.0175253815250471
58.715873999998,0.382994649698958
58.7350209999979,1.6983461487107
58.7528139999956,2.25540972343879
58.7727339999974,3.03266288194573
58.7918599999994,2.28691129892832
58.809561999999,1.39586673508165
58.8278689999953,0.491964385320898
58.8453979999945,0.22066510253353
58.8626919999942,0.0339057621313259
58.8838149999976,1.03134850441711
58.9044069999978,3.02012654067948
58.9215239999965,3.02301954251016
58.9424479999989,1.9336436309386
58.9598689999953,1.77131408377318
58.9777479999959,0.447605023917276
59.0005419999957,1.34829292719951
59.0203539999947,2.89379879407352
59.0370379999951,2.94040826801211
59.0542399999946,3.0018041957519
59.0724670000002,3.03009132476291
59.0908249999955,2.99344663490774
59.1085969999954,2.12136730528437
59.1268769999966,1.00306137540611
59.1424670000002,2.08343683683779
59.1605700000003,1.11428122356301
59.1797519999966,0.161840731976554
59.1958329999968,0.069907562690787
59.2138519999981,0.166019512398634
59.2334949999973,0.970916910620872
59.2523099999949,2.20847880485235
59.2734379999936,2.26473161822651
59.2968969999999,0.0120475260773674
59.316036999993,0.19848542183172
59.3324670000002,0.253452456614468
59.3504569999948,1.52283737098332
59.3679569999948,1.35793626663508
59.385298999995,2.02525535557652
59.3999419999942,0.933307886822149
59.4166349999979,0.629221249953844
59.4319489999935,0.195913864648901
59.447810999997,0.0773007895913906
59.4628139999956,0.0364773193141446
59.4786809999943,0.629221249953844
59.496173999995,0.100123359588906
59.5128719999939,0.0936944666318595
59.5296669999957,0.306812268157955
59.5439469999969,1.11653133609798
59.5617229999974,1.27339632424992
59.5762079999968,2.0429348112084
59.5930009999946,2.45984851947287
59.6096499999985,1.48876423831098
59.6255229999945,2.23708737851121
59.6416599999964,2.21972936752718
59.6599780000001,1.73499083856586
59.6752559999973,2.28048240597127
59.6942280000001,1.31968435354065
59.7101479999945,1.25025230960455
59.7239759999961,2.79961551225279
59.7411140000001,2.65946564578917
59.7581229999959,2.51063677383354
59.7741159999967,2.88029811886372
59.7901099999994,3.01659064955311
59.8058039999977,3.03812744095922
59.8220819999948,3.03523443912854
59.8386719999984,3.02687687828438
59.8550689999983,3.02751976758009
59.8709670000002,3.01916220673593
59.8886189999953,3.02237665321445
59.9035219999999,2.96194505941821
59.9200119999945,2.84397487365641
59.936172999993,2.54245979397092
59.9510759999976,1.13163923454704
59.9704399999976,2.8494394326699
59.9862089999989,2.6012841645279
60.0037349999994,3.00019697251264
